channel,sweep,detector,matcher,sec_per_window,pass_seconds,windows,chips_kept,inliers,surface_rmse_m,best_ransac,truth_rmse_m,truth_reached,truth_ransac,detector_seconds,gpu_peak_gb
band1,win3072_nfauto,keynet,nn,1.832,82.42,45,45.0,793589.0,21877.136739940062,lmeds90,129.49610488733975,4.0,magsac90,1626.3,36.54
band1,win3072_nfauto,dedode_L-C4-v2_B-upright,snn,5.366,193.17,36,16.0,172.0,1087.0812652401055,lmeds90,155.45312335627307,3.0,accurate90,1754.1,32.16
band1,win3072_nfauto,dedode_L-upright_B-C4,smnn0.95,4.455,196.04,44,33.0,1100.0,1246.0088500768902,lmeds90,174.83482974594605,5.0,ransac90,1826.7,36.42
band1,win3072_nfauto,dedode_L-upright_B-upright,smnn0.95,5.042,196.63,39,28.0,797.0,1148.6958333284238,lmeds90,185.1352791229975,5.0,accurate90,2032.4,35.71
band1,win3072_nfauto,dedode_L-upright_B-C4,lgm,4.998,194.91,39,17.0,380.0,11914.235361495355,lmeds90,191.5644093700785,4.0,ransac90,1826.7,36.42
band1,win3072_nfauto,dedode_L-C4-v2_B-upright,ada,4.59,197.35,43,32.0,31585.0,1119.7989776106222,lmeds90,192.37035258358785,6.0,lmeds90,1754.1,32.16
band1,win3072_nfauto,dedode_L-C4-v2_B-upright,fginn,4.293,193.18,45,15.0,169.0,955.618236298228,lmeds90,199.38245590043132,3.0,ransac90,1754.1,32.16
band1,win3072_nfauto,dedode_L-upright_B-upright,lgm,5.09,188.33,37,31.0,25188.0,1067.913980352458,lmeds90,228.8052515894547,5.0,lmeds90,2032.4,35.71
band1,win3072_nfauto,imw-eloftr,internal,10.273,184.92,18,14.0,17306.0,735.7616820400473,lmeds90,235.90426760052983,5.0,magsac90,286.8,38.03
band1,win3072_nfauto,dedode_L-C4_B-C4,mnn,4.287,192.92,45,44.0,39013.0,23233.46585064099,lmeds90,241.7670578834692,5.0,ransac90,1857.4,35.86
band1,win3072_nfauto,dedode_L-C4_B-upright,lgm,6.007,204.25,34,26.0,20947.0,928.2075072338124,lmeds90,248.2657759989032,4.0,ransac90,1849.5,36.55
band1,win3072_nfauto,gftt,smnn0.95,1.008,45.35,45,40.0,4445.0,1050.4638739739714,accurate90,250.1004979417455,7.0,lmeds90,769.7,36.04
band1,win3072_nfauto,dog_hardnet,smnn0.95,0.981,44.13,45,40.0,6824.0,984.3308534816802,ransac90,251.7028474069145,6.0,lmeds90,754.1,32.08
band1,win3072_nfauto,dedode_L-upright_B-upright,mnn,4.61,179.8,39,39.0,24790.0,16908.062361213393,lmeds90,254.35737211491707,6.0,magsac90,2032.4,35.71
band1,win3072_nfauto,dog_hardnet,lgm,1.512,54.43,36,28.0,4521.0,1440.7685164884049,accurate90,256.7537982894942,6.0,magsac90,754.1,32.08
band1,win3072_nfauto,dog_hardnet,snn,0.856,38.54,45,40.0,4891.0,1130.6284816550608,lmeds90,263.0214115060989,6.0,magsac90,754.1,32.08
band1,win3072_nfauto,imw-aspanformer,internal,13.776,247.96,18,13.0,17043.0,694.1953147527752,lmeds90,263.5356478199068,4.0,ransac90,335.2,38.21
band1,win3072_nfauto,dedode_L-C4_B-C4,smnn0.95,4.578,201.43,44,30.0,971.0,5071.020726361861,lmeds90,264.34596129576414,5.0,ransac90,1857.4,35.86
band1,win3072_nfauto,dedode_L-C4_B-upright,mnn,4.319,194.37,45,44.0,30518.0,24214.016395430997,lmeds90,266.94842266183366,6.0,magsac90,1849.5,36.55
band1,win3072_nfauto,imw-sp-sg,internal,5.741,229.66,40,39.0,8781.0,969.507557676878,lmeds90,266.9517296549883,7.0,magsac90,330.1,32.65
band1,win3072_nfauto,gftt,nn,1.041,46.83,45,45.0,1005555.0,21865.417972010247,lmeds90,270.4998738301952,5.0,ransac90,769.7,36.04
band1,win3072_nfauto,gftt,ada,1.018,43.77,43,41.0,52068.0,1396.668730177962,lmeds90,274.1933000162361,5.0,lmeds90,769.7,36.04
band1,win3072_nfauto,dedode_L-C4-v2_B-C4,ada,4.592,197.46,43,36.0,9335.0,1179.2398923320814,accurate90,276.6694359492237,5.0,accurate90,1770.2,35.07
band1,win3072_nfauto,gftt,snn,0.994,41.75,42,37.0,3087.0,1196.6276905847867,lmeds90,277.32797270525,6.0,ransac90,769.7,36.04
band1,win3072_nfauto,dedode_L-C4-v2_B-upright,smnn0.9,6.888,282.4,41,30.0,691.0,963.5386877141794,lmeds90,278.0936348758598,4.0,accurate90,1754.1,32.16
band1,win3072_nfauto,dedode_L-C4_B-C4,snn,9.209,193.39,21,10.0,219.0,1453.8809300050175,lmeds90,279.02670557271364,2.0,ransac90,1857.4,35.86
band1,win3072_nfauto,sift,nn,1.125,50.61,45,45.0,1343194.0,23105.30340034408,lmeds90,280.5934273294545,5.0,ransac90,860.3,26.83
band1,win3072_nfauto,dedode_L-upright_B-C4,mnn,4.194,188.74,45,44.0,32472.0,15682.393294606652,lmeds90,282.0761757265224,6.0,accurate90,1826.7,36.42
band1,win3072_nfauto,imw-sfd2-nn,internal,3.757,165.3,44,40.0,17605.0,1008.5249820003304,lmeds90,282.5594740283693,7.0,lmeds90,212.9,34.15
band1,win3072_nfauto,imw-darkfeat-nn,internal,3.655,164.45,45,39.0,8839.0,1475.1737348314073,lmeds90,282.6049560592211,6.0,accurate90,201.2,17.68
band1,win3072_nfauto,gftt,fginn,0.926,41.69,45,38.0,3123.0,1184.628964451971,lmeds90,288.7266873675857,5.0,ransac90,769.7,36.04
band1,win3072_nfauto,keynet,fginn,1.733,77.98,45,39.0,4371.0,1059.159979877664,lmeds90,289.5978853491407,6.0,lmeds90,1626.3,36.54
band1,win3072_nfauto,dog_hardnet,mnn,0.876,39.4,45,45.0,215187.0,17858.204423864183,lmeds90,289.66813902718815,6.0,magsac90,754.1,32.08
band1,win3072_nfauto,dedode_L-C4-v2_B-upright,mnn,4.28,192.59,45,44.0,31900.0,13910.206337460892,lmeds90,290.20407190690173,5.0,ransac90,1754.1,32.16
band1,win3072_nfauto,dedode_L-upright_B-C4,smnn0.9,13.71,397.59,29,7.0,81.0,923.7971820820984,lmeds90,290.4540259803708,1.0,lmeds90,1826.7,36.42
band1,win3072_nfauto,dedode_L-C4_B-C4,fginn,4.296,193.33,45,10.0,169.0,1144.966483187446,accurate90,290.5008665274845,2.0,ransac90,1857.4,35.86
band1,win3072_nfauto,keynet,snn,1.855,77.89,42,39.0,4363.0,1070.0227012590944,lmeds90,290.96116132626474,6.0,lmeds90,1626.3,36.54
band1,win3072_nfauto,dedode_L-upright_B-C4,ada,4.551,191.15,42,42.0,93841.0,18264.892783305582,lmeds90,291.0369387306115,6.0,accurate90,1826.7,36.42
band1,win3072_nfauto,imw-ripe-nn,internal,4.484,201.8,45,33.0,3380.0,1106.3798018678274,lmeds90,291.7009947494732,5.0,lmeds90,245.0,32.69
band1,win3072_nfauto,hessian,ada,1.098,46.1,42,41.0,58301.0,1109.3827302959303,lmeds90,291.8486333992316,7.0,lmeds90,728.6,34.52
band1,win3072_nfauto,dedode_L-C4-v2_B-upright,lgm,4.624,203.48,44,37.0,54355.0,1147.2167352107128,lmeds90,292.9642476782207,5.0,ransac90,1754.1,32.16
band1,win3072_nfauto,keynet,ada,1.862,80.06,43,42.0,60851.0,1107.4934147182746,lmeds90,293.1946057004163,7.0,lmeds90,1626.3,36.54
band1,win3072_nfauto,imw-aliked-lg,internal,4.455,187.11,42,38.0,35987.0,990.4988009116394,lmeds90,293.3811571753319,6.0,lmeds90,227.4,16.37
band1,win3072_nfauto,imw-lanet-nn,internal,3.909,175.9,45,41.0,31548.0,1372.9384729209958,lmeds90,294.8557629086292,6.0,accurate90,214.7,32.81
band1,win3072_nfauto,disk_epipolar,smnn0.9,3.264,146.9,45,41.0,61987.0,1183.1078623440235,lmeds90,295.5151551320417,7.0,lmeds90,1181.9,26.93
band1,win3072_nfauto,dedode_L-C4-v2_B-upright,smnn0.95,4.461,200.74,45,40.0,3473.0,989.0627026293822,lmeds90,297.447783707762,6.0,lmeds90,1754.1,32.16
band1,win3072_nfauto,keynet,smnn0.9,18.842,847.87,45,41.0,11145.0,1113.520367922952,lmeds90,298.7852604707164,5.0,lmeds90,1626.3,36.54
band1,win3072_nfauto,dedode_L-C4-v2_B-C4,mnn,4.303,193.65,45,41.0,6042.0,1171.2905120008234,ransac90,299.2222510338161,7.0,lmeds90,1770.2,35.07
band1,win3072_nfauto,imw-liftfeat-nn,internal,4.609,207.39,45,41.0,13427.0,1040.1657139147385,accurate90,299.495967411872,6.0,ransac90,265.1,16.12
band1,win3072_nfauto,keynet,smnn0.95,1.791,80.6,45,40.0,7918.0,1137.7991677136044,accurate90,299.8982216008442,5.0,magsac90,1626.3,36.54
band1,win3072_nfauto,disk_epipolar,ada,3.029,133.3,44,42.0,53339.0,1363.771318826853,ransac90,301.5719226996584,6.0,accurate90,1181.9,26.93
band1,win3072_nfauto,disk_epipolar,nn,2.949,132.71,45,45.0,1381445.0,19295.3222096055,lmeds90,305.73899196765984,6.0,accurate90,1181.9,26.93
band1,win3072_nfauto,imw-dkm,internal,3.882,174.69,45,42.0,97452.0,1433.1430031317611,lmeds90,307.8680095930388,6.0,lmeds90,235.2,33.88
band1,win3072_nfauto,dog_hardnet,fginn,0.858,38.59,45,40.0,4886.0,1120.418632768396,lmeds90,308.0584908465016,6.0,magsac90,754.1,32.08
band1,win3072_nfauto,imw-omniglue,internal,35.267,1410.66,40,37.0,7426.0,1046.9672468494934,lmeds90,308.21292551639215,5.0,accurate90,1764.5,0.15
band1,win3072_nfauto,imw-r2d2-nn,internal,3.663,161.19,44,40.0,11520.0,1062.029016027944,lmeds90,313.3433073314384,5.0,ransac90,192.3,5.63
band1,win3072_nfauto,imw-roma,internal,3.872,174.22,45,38.0,90252.0,951.7990320362488,lmeds90,313.4117895457408,7.0,accurate90,229.2,5.48
band1,win3072_nfauto,hessian,nn,1.122,50.5,45,45.0,1359035.0,22072.538563832077,lmeds90,314.1084580329694,4.0,ransac90,728.6,34.52
band1,win3072_nfauto,dedode_L-upright_B-C4,snn,6.749,188.98,28,14.0,214.0,34841.16288958642,accurate90,314.7263251175611,2.0,lmeds90,1826.7,36.42
band1,win3072_nfauto,imw-xfeat-dense,internal,3.507,154.3,44,41.0,6445.0,1120.9193863454536,lmeds90,314.7856356149724,5.0,accurate90,184.1,4.25
band1,win3072_nfauto,imw-minima-roma,internal,4.017,184.78,46,41.0,71392.0,1615.611361949817,lmeds90,314.9716187182144,7.0,magsac90,242.2,34.02
band1,win3072_nfauto,gftt,smnn0.9,8.69,391.06,45,40.0,8186.0,1050.295477067497,lmeds90,315.8587859759052,5.0,ransac90,769.7,36.04
band1,win3072_nfauto,disk_epipolar,smnn0.95,2.959,133.15,45,40.0,108156.0,1137.7276221840425,lmeds90,315.8631639410424,6.0,magsac90,1181.9,26.93
band1,win3072_nfauto,hessian,smnn0.9,5.986,269.35,45,40.0,3094.0,1126.1869936612916,accurate90,316.8923510196116,6.0,ransac90,728.6,34.52
band1,win3072_nfauto,dog_hardnet,ada,0.998,40.92,41,41.0,59992.0,1034.8686262302542,lmeds90,317.16674262436857,5.0,accurate90,754.1,32.08
band1,win3072_nfauto,hessian,fginn,0.975,43.86,45,39.0,3292.0,1080.0453104168048,lmeds90,317.4483085679308,5.0,lmeds90,728.6,34.52
band1,win3072_nfauto,imw-gim-roma,internal,4.145,186.52,45,39.0,89680.0,976.5684541067624,lmeds90,317.8669907510825,6.0,accurate90,244.7,5.48
band1,win3072_nfauto,imw-d2net-nn,internal,5.694,244.84,43,40.0,12902.0,1023.978846528228,lmeds90,318.0259862598417,5.0,ransac90,281.3,32.34
band1,win3072_nfauto,dedode_L-C4-v2_B-C4,lgm,4.661,200.42,43,35.0,1028.0,19457.699334106965,lmeds90,318.66967761832143,4.0,magsac90,1770.2,35.07
band1,win3072_nfauto,disk_epipolar,mnn,2.852,128.33,45,45.0,430596.0,15352.991948609631,lmeds90,319.51207846985204,6.0,accurate90,1181.9,26.93
band1,win3072_nfauto,disk_depth,mnn,2.831,127.38,45,40.0,118402.0,5639.1105541431,lmeds90,321.8923173542869,5.0,magsac90,1263.3,26.95
band1,win3072_nfauto,disk_depth,nn,2.961,133.24,45,45.0,1393371.0,18922.697101011167,lmeds90,322.3276775342309,5.0,accurate90,1263.3,26.95
band1,win3072_nfauto,sift,ada,1.109,46.58,42,41.0,66885.0,1037.112633388567,lmeds90,322.4731326379298,5.0,ransac90,860.3,26.83
band1,win3072_nfauto,disk_epipolar,fginn,2.831,127.41,45,40.0,24843.0,1052.217769700902,lmeds90,322.6026330974894,6.0,magsac90,1181.9,26.93
band1,win3072_nfauto,disk_depth,ada,2.986,134.37,45,40.0,118639.0,1762.5987506141903,lmeds90,323.39579892720667,6.0,lmeds90,1263.3,26.95
band1,win3072_nfauto,sift,mnn,0.957,43.07,45,45.0,38341.0,12823.06510383352,lmeds90,324.6502112798575,6.0,ransac90,860.3,26.83
band1,win3072_nfauto,disk_depth,smnn0.9,5.285,237.84,45,40.0,19037.0,1056.2370148586022,lmeds90,324.9531208297373,5.0,lmeds90,1263.3,26.95
band1,win3072_nfauto,disk_epipolar,snn,2.958,127.2,43,40.0,24845.0,1041.8123647943953,lmeds90,325.07834785184934,6.0,ransac90,1181.9,26.93
band1,win3072_nfauto,imw-xfeat-lg,internal,3.365,148.05,44,41.0,8017.0,1027.4300244772123,lmeds90,325.5707357032514,5.0,magsac90,174.8,2.53
band1,win3072_nfauto,hessian,snn,1.02,43.85,43,39.0,3346.0,1121.3570029015657,lmeds90,325.9806827491689,5.0,lmeds90,728.6,34.52
band1,win3072_nfauto,keynet,mnn,1.743,78.45,45,45.0,137166.0,15849.942196414935,lmeds90,329.6080835784855,5.0,magsac90,1626.3,36.54
band1,win3072_nfauto,disk_depth,smnn0.95,2.886,129.87,45,41.0,43739.0,1288.6583442938686,lmeds90,331.47834943729003,6.0,lmeds90,1263.3,26.95
band1,win3072_nfauto,hessian,mnn,0.987,44.44,45,45.0,228896.0,18885.72888709288,lmeds90,332.3091231642611,6.0,accurate90,728.6,34.52
band1,win3072_nfauto,dog_hardnet,smnn0.9,6.874,309.33,45,40.0,11639.0,1129.2661609767968,lmeds90,332.6592336849393,6.0,lmeds90,754.1,32.08
band1,win3072_nfauto,imw-dad-roma,internal,8.422,379.01,45,37.0,11582.0,1385.68667478412,lmeds90,334.76744894245127,5.0,accurate90,563.8,34.06
band1,win3072_nfauto,dedode_L-C4-v2_B-C4,smnn0.95,4.446,200.08,45,40.0,3902.0,1206.050472513492,lmeds90,337.3691371111216,5.0,lmeds90,1770.2,35.07
band1,win3072_nfauto,keynet,lgm,2.462,86.17,35,35.0,41437.0,1276.6086272381613,lmeds90,339.4224627668421,6.0,ransac90,1626.3,36.54
band1,win3072_nfauto,hessian,smnn0.95,1.075,48.4,45,44.0,26320.0,11058.492186166446,lmeds90,340.4440224855673,5.0,ransac90,728.6,34.52
band1,win3072_nfauto,dedode_L-C4-v2_B-C4,smnn0.9,7.76,302.63,39,28.0,805.0,890.0098881053311,lmeds90,340.9111882395782,4.0,lmeds90,1770.2,35.07
band1,win3072_nfauto,sift,snn,0.985,43.34,44,40.0,7659.0,1110.525327463164,lmeds90,347.9735862640315,5.0,lmeds90,860.3,26.83
band1,win3072_nfauto,sift,fginn,0.956,43.01,45,40.0,7672.0,1101.9556857114933,lmeds90,348.6871229869111,5.0,lmeds90,860.3,26.83
band1,win3072_nfauto,imw-alike-nn,internal,3.687,158.55,43,31.0,1999.0,1088.7038795947408,lmeds90,349.1586404500763,4.0,lmeds90,189.7,9.35
band1,win3072_nfauto,disk_depth,lgm,3.237,139.18,43,31.0,141519.0,1023.871899972446,lmeds90,350.3194631471316,5.0,lmeds90,1263.3,26.95
band1,win3072_nfauto,sift,smnn0.9,8.388,377.44,45,40.0,7256.0,1188.2981272400132,lmeds90,350.5508857337663,5.0,lmeds90,860.3,26.83
band1,win3072_nfauto,disk_depth,fginn,2.824,127.06,45,37.0,4051.0,1094.3405098886867,lmeds90,354.8190610063513,5.0,ransac90,1263.3,26.95
band1,win3072_nfauto,gftt,mnn,0.937,42.18,45,45.0,171714.0,17686.749392049845,lmeds90,355.53625950572786,5.0,ransac90,769.7,36.04
band1,win3072_nfauto,sift,smnn0.95,1.016,45.71,45,41.0,4906.0,1149.4152946869235,accurate90,359.7214591254022,5.0,lmeds90,860.3,26.83
band1,win3072_nfauto,disk_depth,snn,3.254,126.9,39,37.0,3985.0,1105.2870595763643,lmeds90,362.4587526603676,6.0,lmeds90,1263.3,26.95
band1,win3072_nfauto,dedode_L-C4_B-upright,smnn0.95,4.791,201.21,42,22.0,609.0,1924.4453716648848,lmeds90,365.29126313020697,3.0,lmeds90,1849.5,36.55
band1,win3072_nfauto,dedode_L-upright_B-C4,fginn,4.2,188.99,45,15.0,224.0,33732.31206841156,accurate90,393.2144032075571,3.0,lmeds90,1826.7,36.42
band1,win3072_nfauto,dedode_L-upright_B-upright,ada,4.796,182.23,38,38.0,96852.0,19875.90882963764,lmeds90,410.2409307140952,4.0,ransac90,2032.4,35.71
band1,win3072_nfauto,dedode_L-C4_B-C4,smnn0.9,12.955,388.64,30,6.0,64.0,694.2748801802938,lmeds90,425.6487283020355,1.0,lmeds90,1857.4,35.86
band1,win3072_nfauto,imw-rord-nn,internal,9.13,310.43,34,26.0,1689.0,989.5123445690176,lmeds90,429.8975644201413,3.0,lmeds90,391.1,34.78
band1,win3072_nfauto,dedode_L-C4_B-C4,lgm,5.576,200.75,36,12.0,435.0,2011.0790308584496,lmeds90,430.9557872276896,1.0,magsac90,1857.4,35.86
band1,win3072_nfauto,dedode_L-C4_B-upright,ada,4.704,197.59,42,41.0,103870.0,25750.52017160045,lmeds90,477.0752962060452,4.0,magsac90,1849.5,36.55
band1,win3072_nfauto,dog_hardnet,nn,0.998,44.92,45,45.0,1340808.0,22909.3912582002,lmeds90,665.1198703837113,5.0,ransac90,754.1,32.08
band1,win3072_nfauto,dedode_L-upright_B-upright,fginn,4.617,180.05,39,12.0,145.0,2290.7149784246367,lmeds90,1346.8690329081674,3.0,accurate90,2032.4,35.71
band1,win3072_nfauto,dedode_L-upright_B-upright,snn,8.19,180.18,22,11.0,112.0,2001.5116282537892,accurate90,1513.188225784177,3.0,magsac90,2032.4,35.71
band1,win3072_nfauto,imw-rdd-nn,internal,37.348,410.83,11,11.0,538.0,15222.197880045474,lmeds90,1514.9324820618417,4.0,magsac90,705.2,36.47
band1,win3072_nfauto,dedode_L-C4_B-C4,ada,4.588,197.3,43,42.0,25151.0,34987.4949904411,accurate90,3371.4252812529107,3.0,ransac90,1857.4,35.86
band1,win3072_nfauto,loftr,loftr_internal,14.719,147.19,10,9.0,2640.0,9563.845736235917,lmeds90,8453.443602333546,5.0,accurate90,273.1,36.81
band1,win3072_nfauto,dedode_L-C4_B-C4,nn,4.459,200.67,45,45.0,1383004.0,30546.79712137455,lmeds90,9986.515097050682,4.0,magsac90,1857.4,35.86
band1,win3072_nfauto,imw-gim-dkm,internal,5.16,190.94,37,34.0,54606.0,16570.669170229998,lmeds90,12312.368379799716,6.0,ransac90,247.5,34.19
band1,win3072_nfauto,imw-xoftr,internal,9.107,191.24,21,20.0,3006.0,12142.194246278215,lmeds90,13268.376169249435,5.0,lmeds90,222.5,37.91
band1,win3072_nfauto,dedode_L-C4-v2_B-C4,nn,4.467,201.03,45,45.0,1409128.0,26205.416619674743,lmeds90,14532.555399559797,4.0,ransac90,1770.2,35.07
band1,win3072_nfauto,dedode_L-C4_B-upright,nn,4.461,200.77,45,45.0,1405789.0,31565.50482365737,lmeds90,14621.95739471857,7.0,ransac90,1849.5,36.55
band1,win3072_nfauto,dedode_L-upright_B-C4,nn,4.331,194.92,45,45.0,1341687.0,27350.54627752816,lmeds90,17395.13473519169,5.0,ransac90,1826.7,36.42
band1,win3072_nfauto,dedode_L-upright_B-upright,nn,4.744,185.01,39,39.0,1153036.0,28434.18654433887,lmeds90,18123.989944803423,5.0,ransac90,2032.4,35.71
band1,win3072_nfauto,dedode_L-C4-v2_B-upright,nn,4.441,199.84,45,45.0,1410291.0,25981.373324617227,lmeds90,25231.04600153545,5.0,ransac90,1754.1,32.16
band1,win3072_nfauto,dedode_L-C4_B-upright,fginn,4.325,194.62,45,12.0,169.0,4556.072249655429,accurate90,36790.53887633188,4.0,lmeds90,1849.5,36.55
band1,win3072_nfauto,dedode_L-C4_B-upright,snn,7.775,194.37,25,10.0,148.0,1994.4029681442205,accurate90,39444.306077383,3.0,magsac90,1849.5,36.55
band1,win3072_nfauto,dedode_L-C4-v2_B-C4,fginn,4.313,194.06,45,14.0,807.0,29454.23254549773,accurate90,52023.25042680367,2.0,magsac90,1770.2,35.07
band1,win3072_nfauto,dedode_L-C4-v2_B-C4,snn,5.245,194.07,37,13.0,444.0,29453.26591317691,accurate90,82583.35029809474,1.0,accurate90,1770.2,35.07
band1,win3072_nfauto,dedode_L-C4_B-upright,smnn0.9,13.369,374.33,28,2.0,36.0,,lmeds90,,0.0,accurate90,1849.5,36.55
band1,win3072_nfauto,dedode_L-upright_B-upright,smnn0.9,18.883,585.37,31,6.0,67.0,950.4137502686724,lmeds90,,0.0,accurate90,2032.4,35.71
band1,win3072_nfauto,imw-minima-loftr,internal,26.783,267.83,10,1.0,46.0,,lmeds90,,0.0,accurate90,358.8,38.58
band1,win3072_nfauto,dedode_L-C4-v2_G-upright,mnn,35.176,140.7,4,1.0,32.0,,ransac90,,0.0,magsac90,1203.9,36.71
band1,win3072_nfauto,dedode_L-C4-v2_G-upright,smnn0.95,35.177,140.71,4,1.0,17.0,,lmeds90,,0.0,accurate90,1203.9,36.71
band1,win3072_nfauto,dedode_L-C4-v2_G-upright,fginn,35.251,141.01,4,,,,,,,,1203.9,36.71
band1,win3072_nfauto,dedode_L-C4-v2_G-upright,nn,35.29,141.16,4,,,,,,,,1203.9,36.71
band1,win3072_nfauto,dedode_L-C4-v2_G-upright,ada,35.421,141.69,4,,,,,,,,1203.9,36.71
band1,win3072_nfauto,dedode_L-C4_G-C4,fginn,35.655,142.62,4,1.0,6.0,,accurate90,,0.0,accurate90,1220.5,32.61
band1,win3072_nfauto,dedode_L-C4_G-C4,mnn,35.665,142.66,4,,,,,,,,1220.5,32.61
band1,win3072_nfauto,dedode_L-C4_G-C4,smnn0.95,35.724,142.9,4,1.0,11.0,,lmeds90,,0.0,lmeds90,1220.5,32.61
band1,win3072_nfauto,dedode_L-C4_G-C4,nn,35.731,142.92,4,,,,,,,,1220.5,32.61
band1,win3072_nfauto,dedode_L-C4_G-upright,fginn,36.53,146.12,4,,,,,,,,1247.8,32.61
band1,win3072_nfauto,dedode_L-C4_G-upright,mnn,36.576,146.31,4,,,,,,,,1247.8,32.61
band1,win3072_nfauto,dedode_L-C4_G-upright,smnn0.95,36.615,146.46,4,1.0,6.0,,lmeds90,,0.0,lmeds90,1247.8,32.61
band1,win3072_nfauto,dedode_L-C4_G-upright,nn,36.651,146.61,4,,,,,,,,1247.8,32.61
band1,win3072_nfauto,dedode_L-C4_G-upright,ada,36.676,146.7,4,,,,,,,,1247.8,32.61
band1,win3072_nfauto,dedode_L-C4-v2_G-C4,fginn,37.869,151.48,4,1.0,8.0,,magsac90,,0.0,accurate90,1288.4,32.6
band1,win3072_nfauto,dedode_L-C4-v2_G-C4,mnn,37.871,151.49,4,1.0,12.0,,magsac90,,0.0,accurate90,1288.4,32.6
band1,win3072_nfauto,dedode_L-C4-v2_G-C4,nn,37.93,151.72,4,,,,,,,,1288.4,32.6
band1,win3072_nfauto,dedode_L-C4-v2_G-C4,smnn0.95,37.961,151.84,4,,,,,,,,1288.4,32.6
band1,win3072_nfauto,dedode_L-upright_G-upright,mnn,47.112,141.34,3,1.0,6.0,,accurate90,,0.0,accurate90,1228.2,32.61
band1,win3072_nfauto,dedode_L-upright_G-upright,fginn,47.135,141.4,3,,,,,,,,1228.2,32.61
band1,win3072_nfauto,dedode_L-C4-v2_G-upright,lgm,47.223,141.67,3,1.0,185.0,,lmeds90,,0.0,lmeds90,1203.9,36.71
band1,win3072_nfauto,dedode_L-upright_G-upright,nn,47.307,141.92,3,,,,,,,,1228.2,32.61
band1,win3072_nfauto,dedode_L-upright_G-C4,fginn,47.377,142.13,3,1.0,13.0,,accurate90,,0.0,accurate90,1221.8,32.6
band1,win3072_nfauto,dedode_L-upright_G-C4,mnn,47.382,142.14,3,,,,,,,,1221.8,32.6
band1,win3072_nfauto,dedode_L-upright_G-C4,nn,47.499,142.5,3,1.0,23.0,,magsac90,,0.0,magsac90,1221.8,32.6
band1,win3072_nfauto,dedode_L-C4_G-C4,ada,47.854,143.56,3,,,,,,,,1220.5,32.61
band1,win3072_nfauto,dedode_L-upright_G-C4,smnn0.95,48.777,146.33,3,,,,,,,,1221.8,32.6
band1,win3072_nfauto,dedode_L-C4-v2_G-C4,ada,50.787,152.36,3,,,,,,,,1288.4,32.6
band1,win3072_nfauto,sift,lgm,52.136,52.14,0,,,,,,,,860.3,26.83
band1,win3072_nfauto,dedode_L-upright_G-upright,snn,70.609,141.22,2,,,,,,,,1228.2,32.61
band1,win3072_nfauto,dedode_L-upright_G-upright,lgm,70.747,141.49,2,,,,,,,,1228.2,32.61
band1,win3072_nfauto,dedode_L-upright_G-upright,smnn0.95,71.211,142.42,2,,,,,,,,1228.2,32.61
band1,win3072_nfauto,dedode_L-upright_G-C4,ada,71.323,142.65,2,1.0,22.0,,ransac90,,0.0,ransac90,1221.8,32.6
band1,win3072_nfauto,dedode_L-C4-v2_G-C4,snn,75.562,151.12,2,1.0,7.0,,accurate90,,0.0,accurate90,1288.4,32.6
band1,win3072_nfauto,imw-topicfm,internal,77.042,154.08,2,1.0,715.0,,lmeds90,,0.0,accurate90,194.9,36.36
band1,win3072_nfauto,disk_epipolar,lgm,138.215,138.22,0,,,,,,,,1181.9,26.93
band1,win3072_nfauto,dedode_L-C4-v2_G-upright,snn,140.704,140.7,0,,,,,,,,1203.9,36.71
band1,win3072_nfauto,dedode_L-upright_G-upright,ada,141.389,141.39,1,1.0,1501.0,,lmeds90,,0.0,accurate90,1228.2,32.61
band1,win3072_nfauto,dedode_L-upright_G-C4,snn,141.941,141.94,1,1.0,13.0,,accurate90,,0.0,accurate90,1221.8,32.6
band1,win3072_nfauto,dedode_L-C4_G-C4,snn,142.604,142.6,1,,,,,,,,1220.5,32.61
band1,win3072_nfauto,dedode_L-upright_G-C4,lgm,142.762,142.76,0,,,,,,,,1221.8,32.6
band1,win3072_nfauto,dedode_L-C4_G-C4,lgm,143.689,143.69,1,,,,,,,,1220.5,32.61
band1,win3072_nfauto,dedode_L-C4_G-C4,smnn0.9,145.382,145.38,1,,,,,,,,1220.5,32.61
band1,win3072_nfauto,dedode_L-C4_G-upright,snn,145.999,146.0,0,,,,,,,,1247.8,32.61
band1,win3072_nfauto,dedode_L-C4-v2_G-upright,smnn0.9,146.088,146.09,1,,,,,,,,1203.9,36.71
band1,win3072_nfauto,dedode_L-C4_G-upright,lgm,146.756,146.76,1,1.0,14.0,,lmeds90,,0.0,lmeds90,1247.8,32.61
band1,win3072_nfauto,dedode_L-upright_G-C4,smnn0.9,149.115,149.12,0,,,,,,,,1221.8,32.6
band1,win3072_nfauto,dedode_L-C4_G-upright,smnn0.9,149.156,149.16,0,,,,,,,,1247.8,32.61
band1,win3072_nfauto,dedode_L-C4-v2_G-C4,lgm,152.399,152.4,1,1.0,41.0,,lmeds90,,0.0,lmeds90,1288.4,32.6
band1,win3072_nfauto,dedode_L-C4-v2_G-C4,smnn0.9,154.585,154.59,1,,,,,,,,1288.4,32.6
band1,win3072_nfauto,dedode_L-upright_G-upright,smnn0.9,158.658,158.66,0,,,,,,,,1228.2,32.61
band1,win3072_nfauto,imw-rdd-dense,internal,414.916,414.92,1,1.0,8.0,,accurate90,,0.0,accurate90,712.3,36.55
