rank,channel,detector,matcher_family,best_matcher_setting,ransac,sweep,truth_rmse_m,truth_mean_dE_m,truth_mean_dN_m,truth_max_m,truth_reached,truth_total,sec_per_window,pass_seconds,n_local,n_surface,n_extrapolated,n_chips,n_points,chips,filtered_dir
1,band1,gftt,smnn,smnn0.95,lmeds90,win3072_nfauto,250.1004979417455,103.34992634081729,23.246458814506955,319.2765860727079,7,7,1.008,45.35,7,0,0,39,19690,consensus,/maintenance/ICIGDev/GPUPOC/output/output299/win3072_nfauto/band1_toL8Ref/filtered_same-res_gftt
2,band1,imw-sp-sg,internal,internal,magsac90,win3072_nfauto,266.9517296549883,103.69304715576813,-86.42597469931532,606.6855928267365,7,7,5.741,229.66,1,6,0,38,4288,consensus,/maintenance/ICIGDev/GPUPOC/output/output299/win3072_nfauto/band1_toL8Ref/filtered_same-res_imw-sp-sg
3,band1,imw-sfd2-nn,internal,internal,lmeds90,win3072_nfauto,282.5594740283693,42.71724541414057,-38.80257346389174,615.6054909699203,7,7,3.757,165.3,6,1,0,40,17605,consensus,/maintenance/ICIGDev/GPUPOC/output/output299/win3072_nfauto/band1_toL8Ref/filtered_same-res_imw-sfd2-nn
4,band1,hessian,ada,ada,lmeds90,win3072_nfauto,291.8486333992316,114.30572924651668,-65.86236470096095,625.5895115202916,7,7,1.098,46.1,6,1,0,41,56449,consensus,/maintenance/ICIGDev/GPUPOC/output/output299/win3072_nfauto/band1_toL8Ref/filtered_same-res_hessian
5,band1,keynet,ada,ada,lmeds90,win3072_nfauto,293.1946057004163,131.29115595790543,-59.051050955960946,607.8981803797433,7,7,1.862,80.06,6,1,0,42,59606,consensus,/maintenance/ICIGDev/GPUPOC/output/output299/win3072_nfauto/band1_toL8Ref/filtered_same-res_keynet
6,band1,disk_epipolar,smnn,smnn0.9,lmeds90,win3072_nfauto,295.5151551320417,95.43835477915283,-55.702470912761136,631.0191314675491,7,7,3.264,146.9,6,1,0,41,56929,consensus,/maintenance/ICIGDev/GPUPOC/output/output299/win3072_nfauto/band1_toL8Ref/filtered_same-res_disk_epipolar
7,band1,dedode_L-C4-v2_B-C4,mnn,mnn,lmeds90,win3072_nfauto,299.2222510338161,148.6368941650882,-44.95636546274324,605.0771312799573,7,7,4.303,193.65,6,1,0,39,34364,consensus,/maintenance/ICIGDev/GPUPOC/output/output299/win3072_nfauto/band1_toL8Ref/filtered_same-res_dedode_L-C4-v2_B-C4
8,band1,imw-roma,internal,internal,accurate90,win3072_nfauto,313.4117895457408,160.67398700409103,-87.2386577345087,673.2958975342418,7,7,3.872,174.22,6,1,0,38,80683,consensus,/maintenance/ICIGDev/GPUPOC/output/output299/win3072_nfauto/band1_toL8Ref/filtered_same-res_imw-roma
9,band1,imw-minima-roma,internal,internal,magsac90,win3072_nfauto,314.9716187182144,113.78044901934592,-73.9210567760252,684.7857580308612,7,7,4.017,184.78,5,2,0,41,57404,consensus,/maintenance/ICIGDev/GPUPOC/output/output299/win3072_nfauto/band1_toL8Ref/filtered_same-res_imw-minima-roma
10,band1,disk_epipolar,ada,ada,lmeds90,win3072_nfauto,323.46628718510465,82.51278348367539,-62.44139832835156,724.2443819763063,7,7,3.029,133.3,7,0,0,40,186911,consensus,/maintenance/ICIGDev/GPUPOC/output/output299/win3072_nfauto/band1_toL8Ref/filtered_same-res_disk_epipolar
11,band1,dog_hardnet,ada,ada,lmeds90,win3072_nfauto,385.8117081017581,155.69814062653364,-76.86925547121635,863.264030441411,7,7,0.998,40.92,7,0,0,41,58089,consensus,/maintenance/ICIGDev/GPUPOC/output/output299/win3072_nfauto/band1_toL8Ref/filtered_same-res_dog_hardnet
12,band1,dedode_L-upright_B-upright,mnn,mnn,lmeds90,win3072_nfauto,2238.782224389116,94.70924060936015,876.2781296578004,5719.617860519171,7,7,4.61,179.8,4,3,0,39,24712,consensus,/maintenance/ICIGDev/GPUPOC/output/output299/win3072_nfauto/band1_toL8Ref/filtered_same-res_dedode_L-upright_B-upright
13,band1,disk_depth,mnn,mnn,lmeds90,win3072_nfauto,4790.963476702612,60.012783483675385,1933.630030243077,12650.880510802861,7,7,2.831,127.38,7,0,0,40,109395,consensus,/maintenance/ICIGDev/GPUPOC/output/output299/win3072_nfauto/band1_toL8Ref/filtered_same-res_disk_depth
14,band1,dedode_L-C4-v2_B-upright,mnn,mnn,lmeds90,win3072_nfauto,4994.231829476205,97.37300617253302,1812.9208394417708,13189.246252585826,7,7,4.28,192.59,6,1,0,44,31629,consensus,/maintenance/ICIGDev/GPUPOC/output/output299/win3072_nfauto/band1_toL8Ref/filtered_same-res_dedode_L-C4-v2_B-upright
15,band1,hessian,smnn,smnn0.95,lmeds90,win3072_nfauto,5159.171021752863,188.97292634081583,1940.82032310023,13641.5869234315,7,7,1.075,48.4,7,0,0,44,25811,consensus,/maintenance/ICIGDev/GPUPOC/output/output299/win3072_nfauto/band1_toL8Ref/filtered_same-res_hessian
16,band1,disk_epipolar,mnn,mnn,lmeds90,win3072_nfauto,5828.800836142549,2268.227069197961,78.98717310021986,15410.647385857286,7,7,2.852,128.33,7,0,0,45,412459,consensus,/maintenance/ICIGDev/GPUPOC/output/output299/win3072_nfauto/band1_toL8Ref/filtered_same-res_disk_epipolar
17,band1,sift,mnn,mnn,lmeds90,win3072_nfauto,8014.4835613951045,1561.3865691979624,4507.447558814499,13017.238524848204,7,7,0.957,43.07,7,0,0,45,37748,consensus,/maintenance/ICIGDev/GPUPOC/output/output299/win3072_nfauto/band1_toL8Ref/filtered_same-res_sift
18,band1,dog_hardnet,mnn,mnn,lmeds90,win3072_nfauto,12923.868688945071,1193.5257834836743,7875.327173100221,27139.25579582889,7,7,0.876,39.4,7,0,0,45,213483,consensus,/maintenance/ICIGDev/GPUPOC/output/output299/win3072_nfauto/band1_toL8Ref/filtered_same-res_dog_hardnet
19,band1,dedode_L-upright_B-C4,ada,ada,lmeds90,win3072_nfauto,13739.974437329309,1761.5590402019614,1168.3681314397077,28634.446660277008,7,7,4.551,191.15,6,1,0,42,93199,consensus,/maintenance/ICIGDev/GPUPOC/output/output299/win3072_nfauto/band1_toL8Ref/filtered_same-res_dedode_L-upright_B-C4
20,band1,dedode_L-C4_B-upright,nn,nn,ransac90,win3072_nfauto,14621.95739471857,254.63280252827357,1506.197899686544,25121.707835160105,7,7,4.461,200.77,1,6,0,45,12423,consensus,/maintenance/ICIGDev/GPUPOC/output/output299/win3072_nfauto/band1_toL8Ref/filtered_same-res_dedode_L-C4_B-upright
21,band1,gftt,mnn,mnn,lmeds90,win3072_nfauto,15886.403555916728,1015.0304977693906,10775.408315957364,27871.258566096516,7,7,0.937,42.18,7,0,0,45,171175,consensus,/maintenance/ICIGDev/GPUPOC/output/output299/win3072_nfauto/band1_toL8Ref/filtered_same-res_gftt
22,band1,keynet,mnn,mnn,lmeds90,win3072_nfauto,16456.85040725887,2093.061497769391,10026.185315957362,30882.869270880623,7,7,1.743,78.45,7,0,0,45,136140,consensus,/maintenance/ICIGDev/GPUPOC/output/output299/win3072_nfauto/band1_toL8Ref/filtered_same-res_keynet
23,band1,hessian,mnn,mnn,lmeds90,win3072_nfauto,16628.904075912607,1650.6784263408165,11728.956744528788,27234.889710854164,7,7,0.987,44.44,7,0,0,45,227029,consensus,/maintenance/ICIGDev/GPUPOC/output/output299/win3072_nfauto/band1_toL8Ref/filtered_same-res_hessian
24,band1,disk_epipolar,nn,nn,lmeds90,win3072_nfauto,18434.83841743133,2692.5127834836753,12206.48717310022,31577.600156952332,7,7,2.949,132.71,7,0,0,45,1347417,consensus,/maintenance/ICIGDev/GPUPOC/output/output299/win3072_nfauto/band1_toL8Ref/filtered_same-res_disk_epipolar
25,band1,dedode_L-upright_B-C4,nn,nn,lmeds90,win3072_nfauto,19309.426289192073,1400.3699263408182,7150.415744528792,27724.568122789788,7,7,4.331,194.92,7,0,0,45,1337083,consensus,/maintenance/ICIGDev/GPUPOC/output/output299/win3072_nfauto/band1_toL8Ref/filtered_same-res_dedode_L-upright_B-C4
26,band1,dedode_L-C4_B-C4,nn,nn,lmeds90,win3072_nfauto,21284.279852762316,4738.34038411207,12331.915415952244,36928.239289769444,7,7,4.459,200.67,6,1,0,45,1379820,consensus,/maintenance/ICIGDev/GPUPOC/output/output299/win3072_nfauto/band1_toL8Ref/filtered_same-res_dedode_L-C4_B-C4
27,band1,dedode_L-upright_B-upright,nn,nn,lmeds90,win3072_nfauto,21762.88837975128,6538.478773439281,6907.7204182330215,41405.75956637312,7,7,4.744,185.01,6,1,0,39,1150536,consensus,/maintenance/ICIGDev/GPUPOC/output/output299/win3072_nfauto/band1_toL8Ref/filtered_same-res_dedode_L-upright_B-upright
28,band1,dedode_L-C4_B-upright,ada,ada,lmeds90,win3072_nfauto,24424.25804423324,6337.927349148012,-3728.179448581621,58821.23772107456,7,7,4.704,197.59,5,2,0,41,103683,consensus,/maintenance/ICIGDev/GPUPOC/output/output299/win3072_nfauto/band1_toL8Ref/filtered_same-res_dedode_L-C4_B-upright
29,band1,gftt,nn,nn,lmeds90,win3072_nfauto,24754.65776853084,500.7639263408195,19846.52843024308,39104.06467315608,7,7,1.041,46.83,7,0,0,45,1004190,consensus,/maintenance/ICIGDev/GPUPOC/output/output299/win3072_nfauto/band1_toL8Ref/filtered_same-res_gftt
30,band1,sift,nn,nn,lmeds90,win3072_nfauto,24760.67942391747,2276.0514263408186,19250.72474452879,47106.94670783873,7,7,1.125,50.61,7,0,0,45,1336384,consensus,/maintenance/ICIGDev/GPUPOC/output/output299/win3072_nfauto/band1_toL8Ref/filtered_same-res_sift
31,band1,keynet,nn,nn,lmeds90,win3072_nfauto,25059.58844742179,-684.5215022306085,18697.765601671654,42174.916024622034,7,7,1.832,82.42,7,0,0,45,791395,consensus,/maintenance/ICIGDev/GPUPOC/output/output299/win3072_nfauto/band1_toL8Ref/filtered_same-res_keynet
32,band1,dedode_L-C4-v2_B-upright,nn,nn,lmeds90,win3072_nfauto,26569.998578515067,1622.1549263408185,17021.487744528793,46897.954394912784,7,7,4.441,199.84,7,0,0,45,1406390,consensus,/maintenance/ICIGDev/GPUPOC/output/output299/win3072_nfauto/band1_toL8Ref/filtered_same-res_dedode_L-C4-v2_B-upright
33,band1,dog_hardnet,nn,nn,lmeds90,win3072_nfauto,26827.18321397242,-447.3780736591803,18763.062601671645,41966.330832197506,7,7,0.998,44.92,7,0,0,45,1336251,consensus,/maintenance/ICIGDev/GPUPOC/output/output299/win3072_nfauto/band1_toL8Ref/filtered_same-res_dog_hardnet
34,band1,hessian,nn,nn,lmeds90,win3072_nfauto,26862.98382777312,-1562.8733736591785,19048.05413024308,39218.251546854626,7,7,1.122,50.5,7,0,0,45,1353347,consensus,/maintenance/ICIGDev/GPUPOC/output/output299/win3072_nfauto/band1_toL8Ref/filtered_same-res_hessian
35,band1,disk_depth,nn,nn,lmeds90,win3072_nfauto,29816.353004672026,2788.9413549122464,19496.487173100217,47914.61426269295,7,7,2.961,133.24,7,0,0,45,1365574,consensus,/maintenance/ICIGDev/GPUPOC/output/output299/win3072_nfauto/band1_toL8Ref/filtered_same-res_disk_depth
36,band1,dedode_L-C4-v2_B-C4,nn,nn,lmeds90,win3072_nfauto,29848.373286659076,-569.9872165163246,18696.13003024308,48423.706880413745,7,7,4.467,201.03,7,0,0,45,1403225,consensus,/maintenance/ICIGDev/GPUPOC/output/output299/win3072_nfauto/band1_toL8Ref/filtered_same-res_dedode_L-C4-v2_B-C4
37,band1,dedode_L-C4_B-C4,mnn,mnn,lmeds90,win3072_nfauto,33808.039376681925,3567.574471988339,7705.5625631693565,72834.29067664947,7,7,4.287,192.92,6,1,0,44,38918,consensus,/maintenance/ICIGDev/GPUPOC/output/output299/win3072_nfauto/band1_toL8Ref/filtered_same-res_dedode_L-C4_B-C4
38,band1,dedode_L-upright_B-upright,ada,ada,lmeds90,win3072_nfauto,39075.67471106905,11540.640559104093,735.2260529415006,87815.75515678758,7,7,4.796,182.23,4,3,0,38,96635,consensus,/maintenance/ICIGDev/GPUPOC/output/output299/win3072_nfauto/band1_toL8Ref/filtered_same-res_dedode_L-upright_B-upright
39,band1,dedode_L-C4-v2_B-upright,ada,ada,lmeds90,win3072_nfauto,192.37035258358785,14.821899077566892,-5.17032768149996,281.628972113107,6,7,4.59,197.35,5,1,1,32,31211,consensus,/maintenance/ICIGDev/GPUPOC/output/output299/win3072_nfauto/band1_toL8Ref/filtered_same-res_dedode_L-C4-v2_B-upright
40,band1,dedode_L-C4-v2_B-upright,fginn,fginn,lmeds90,win3072_nfauto,249.1565799825019,5.2403323329845835,-27.475763875616092,461.3952889153726,6,7,4.293,193.18,0,6,1,15,168,consensus,/maintenance/ICIGDev/GPUPOC/output/output299/win3072_nfauto/band1_toL8Ref/filtered_same-res_dedode_L-C4-v2_B-upright
41,band1,dog_hardnet,smnn,smnn0.95,lmeds90,win3072_nfauto,251.70284740691446,57.2659743051698,-0.6633548213523378,471.17100460784536,6,7,0.981,44.13,5,1,1,33,22704,consensus,/maintenance/ICIGDev/GPUPOC/output/output299/win3072_nfauto/band1_toL8Ref/filtered_same-res_dog_hardnet
42,band1,dog_hardnet,lgm,lgm,magsac90,win3072_nfauto,256.7537982894942,111.65418717851996,-72.21927383653822,536.9558458251541,6,7,1.512,54.43,0,6,1,27,3886,consensus,/maintenance/ICIGDev/GPUPOC/output/output299/win3072_nfauto/band1_toL8Ref/filtered_same-res_dog_hardnet
43,band1,dog_hardnet,snn,snn,magsac90,win3072_nfauto,263.0214115060989,99.9149784313144,-51.49777708124581,503.8770923100016,6,7,0.856,38.54,0,6,1,37,1595,consensus,/maintenance/ICIGDev/GPUPOC/output/output299/win3072_nfauto/band1_toL8Ref/filtered_same-res_dog_hardnet
44,band1,dedode_L-C4_B-upright,mnn,mnn,magsac90,win3072_nfauto,266.94842266183366,57.87450957021247,-79.57535276944752,551.0729252088879,6,7,4.319,194.37,1,5,1,32,2665,consensus,/maintenance/ICIGDev/GPUPOC/output/output299/win3072_nfauto/band1_toL8Ref/filtered_same-res_dedode_L-C4_B-upright
45,band1,gftt,snn,snn,ransac90,win3072_nfauto,277.32797270525,102.96704164958442,-84.96204210309725,556.6785710877975,6,7,0.994,41.75,0,6,1,34,869,consensus,/maintenance/ICIGDev/GPUPOC/output/output299/win3072_nfauto/band1_toL8Ref/filtered_same-res_gftt
46,band1,dedode_L-upright_B-C4,mnn,mnn,accurate90,win3072_nfauto,282.0761757265224,64.74544651853974,-47.15730952490776,587.42466684368,6,7,4.194,188.74,1,5,1,38,5977,consensus,/maintenance/ICIGDev/GPUPOC/output/output299/win3072_nfauto/band1_toL8Ref/filtered_same-res_dedode_L-upright_B-C4
47,band1,imw-darkfeat-nn,internal,internal,accurate90,win3072_nfauto,282.6049560592211,98.98335372414765,-32.83904942227082,584.2568909700044,6,7,3.655,164.45,2,4,1,36,5055,consensus,/maintenance/ICIGDev/GPUPOC/output/output299/win3072_nfauto/band1_toL8Ref/filtered_same-res_imw-darkfeat-nn
48,band1,keynet,fginn,fginn,lmeds90,win3072_nfauto,289.5978853491407,95.24351992514464,-60.97696277207842,557.7421498715682,6,7,1.733,77.98,0,6,1,39,4359,consensus,/maintenance/ICIGDev/GPUPOC/output/output299/win3072_nfauto/band1_toL8Ref/filtered_same-res_keynet
49,band1,keynet,snn,snn,lmeds90,win3072_nfauto,290.96116132626474,89.61405305317051,-60.316281799712065,559.0342307200093,6,7,1.855,77.89,0,6,1,39,4352,consensus,/maintenance/ICIGDev/GPUPOC/output/output299/win3072_nfauto/band1_toL8Ref/filtered_same-res_keynet
50,band1,imw-aliked-lg,internal,internal,lmeds90,win3072_nfauto,293.3811571753319,119.1485707120089,-72.69057923981593,630.1624898694815,6,7,4.455,187.11,4,2,1,38,35987,consensus,/maintenance/ICIGDev/GPUPOC/output/output299/win3072_nfauto/band1_toL8Ref/filtered_same-res_imw-aliked-lg
51,band1,imw-lanet-nn,internal,internal,accurate90,win3072_nfauto,294.8557629086292,113.65825761967153,-49.18990314220264,622.3429160480134,6,7,3.909,175.9,5,1,1,40,21024,consensus,/maintenance/ICIGDev/GPUPOC/output/output299/win3072_nfauto/band1_toL8Ref/filtered_same-res_imw-lanet-nn
52,band1,dedode_L-C4-v2_B-upright,smnn,smnn0.95,lmeds90,win3072_nfauto,297.447783707762,101.68875333937262,-75.9571899013775,598.2973181638062,6,7,4.461,200.74,1,5,1,40,3438,consensus,/maintenance/ICIGDev/GPUPOC/output/output299/win3072_nfauto/band1_toL8Ref/filtered_same-res_dedode_L-C4-v2_B-upright
53,band1,imw-liftfeat-nn,internal,internal,ransac90,win3072_nfauto,299.495967411872,106.22541240084304,-68.9053374328317,651.1129876752185,6,7,4.609,207.39,4,2,1,41,11693,consensus,/maintenance/ICIGDev/GPUPOC/output/output299/win3072_nfauto/band1_toL8Ref/filtered_same-res_imw-liftfeat-nn
54,band1,imw-dkm,internal,internal,lmeds90,win3072_nfauto,307.8680095930388,146.60863275951138,-59.35597871259112,625.8700884948357,6,7,3.882,174.69,4,2,1,42,97452,consensus,/maintenance/ICIGDev/GPUPOC/output/output299/win3072_nfauto/band1_toL8Ref/filtered_same-res_imw-dkm
55,band1,dog_hardnet,fginn,fginn,magsac90,win3072_nfauto,308.0584908465016,142.95588836174275,-69.17858103196856,581.0845613935221,6,7,0.858,38.59,0,6,1,37,1582,consensus,/maintenance/ICIGDev/GPUPOC/output/output299/win3072_nfauto/band1_toL8Ref/filtered_same-res_dog_hardnet
56,band1,imw-r2d2-nn,internal,internal,lmeds90,win3072_nfauto,315.52039200138034,123.1469641356498,-48.62047067825688,618.2603109833219,6,7,3.663,161.19,3,3,1,40,11520,consensus,/maintenance/ICIGDev/GPUPOC/output/output299/win3072_nfauto/band1_toL8Ref/filtered_same-res_imw-r2d2-nn
57,band1,dedode_L-C4-v2_B-upright,lgm,lgm,lmeds90,win3072_nfauto,316.49863475738164,76.92142301251322,-20.181884024600702,542.884023150603,6,7,4.624,203.48,5,1,1,37,53637,consensus,/maintenance/ICIGDev/GPUPOC/output/output299/win3072_nfauto/band1_toL8Ref/filtered_same-res_dedode_L-C4-v2_B-upright
58,band1,imw-gim-roma,internal,internal,accurate90,win3072_nfauto,317.8669907510825,106.8580563252696,-49.61949914341434,692.180835075262,6,7,4.145,186.52,5,1,1,39,65552,consensus,/maintenance/ICIGDev/GPUPOC/output/output299/win3072_nfauto/band1_toL8Ref/filtered_same-res_imw-gim-roma
59,band1,imw-d2net-nn,internal,internal,accurate90,win3072_nfauto,318.0835787456223,83.7161792186542,-15.75701254406143,640.6476189772759,6,7,5.694,244.84,3,3,1,40,6092,consensus,/maintenance/ICIGDev/GPUPOC/output/output299/win3072_nfauto/band1_toL8Ref/filtered_same-res_imw-d2net-nn
60,band1,gftt,ada,ada,magsac90,win3072_nfauto,322.06402162442384,79.98445114799483,-38.22181653762815,643.2196613560994,6,7,1.018,43.77,2,4,1,37,8980,consensus,/maintenance/ICIGDev/GPUPOC/output/output299/win3072_nfauto/band1_toL8Ref/filtered_same-res_gftt
61,band1,disk_epipolar,fginn,fginn,magsac90,win3072_nfauto,322.6026330974894,121.21487110520836,-68.2084971728403,660.3053813253119,6,7,2.831,127.41,4,2,1,40,9441,consensus,/maintenance/ICIGDev/GPUPOC/output/output299/win3072_nfauto/band1_toL8Ref/filtered_same-res_disk_epipolar
62,band1,disk_depth,ada,ada,lmeds90,win3072_nfauto,323.39579892720667,165.0980177671639,-61.35028288339572,640.3557427091934,6,7,2.986,134.37,5,1,1,40,108005,consensus,/maintenance/ICIGDev/GPUPOC/output/output299/win3072_nfauto/band1_toL8Ref/filtered_same-res_disk_depth
63,band1,disk_epipolar,snn,snn,ransac90,win3072_nfauto,325.07834785184934,142.10848363790896,-62.7699262902485,630.511760093932,6,7,2.958,127.2,2,4,1,40,9786,consensus,/maintenance/ICIGDev/GPUPOC/output/output299/win3072_nfauto/band1_toL8Ref/filtered_same-res_disk_epipolar
64,band1,keynet,smnn,smnn0.95,lmeds90,win3072_nfauto,330.7689415656347,109.86197416752186,-22.26972861230767,636.0546705615417,6,7,1.791,80.6,5,1,1,39,22840,consensus,/maintenance/ICIGDev/GPUPOC/output/output299/win3072_nfauto/band1_toL8Ref/filtered_same-res_keynet
65,band1,disk_depth,smnn,smnn0.95,lmeds90,win3072_nfauto,331.47834943729003,148.72046156746833,-56.13251146435308,659.2962798695432,6,7,2.886,129.87,5,1,1,41,39935,consensus,/maintenance/ICIGDev/GPUPOC/output/output299/win3072_nfauto/band1_toL8Ref/filtered_same-res_disk_depth
66,band1,keynet,lgm,lgm,ransac90,win3072_nfauto,339.4224627668421,169.84183498447177,-145.101827645718,680.2814644316086,6,7,2.462,86.17,1,5,1,35,10622,consensus,/maintenance/ICIGDev/GPUPOC/output/output299/win3072_nfauto/band1_toL8Ref/filtered_same-res_keynet
67,band1,hessian,fginn,fginn,accurate90,win3072_nfauto,342.9017214834021,148.18893264927237,-97.83297071804115,655.0898641584284,6,7,0.975,43.86,0,6,1,37,1330,consensus,/maintenance/ICIGDev/GPUPOC/output/output299/win3072_nfauto/band1_toL8Ref/filtered_same-res_hessian
68,band1,sift,fginn,fginn,accurate90,win3072_nfauto,354.29998015788294,138.56135746190384,-113.95473686235482,702.6898012707657,6,7,0.956,43.01,1,5,1,40,3302,consensus,/maintenance/ICIGDev/GPUPOC/output/output299/win3072_nfauto/band1_toL8Ref/filtered_same-res_sift
69,band1,disk_depth,fginn,fginn,lmeds90,win3072_nfauto,362.4487821850227,169.36204691218595,-77.36116794890602,657.3243000374341,6,7,2.824,127.06,2,4,1,37,3810,consensus,/maintenance/ICIGDev/GPUPOC/output/output299/win3072_nfauto/band1_toL8Ref/filtered_same-res_disk_depth
70,band1,disk_depth,snn,snn,lmeds90,win3072_nfauto,362.4587526603676,167.18451087974395,-80.83495576825923,655.3959715665036,6,7,3.254,126.9,2,4,1,37,3741,consensus,/maintenance/ICIGDev/GPUPOC/output/output299/win3072_nfauto/band1_toL8Ref/filtered_same-res_disk_depth
71,band1,sift,smnn,smnn0.95,accurate90,win3072_nfauto,363.91851736447774,160.89397065742983,-136.0096281238631,729.7388549415332,6,7,1.016,45.71,1,5,1,41,4799,consensus,/maintenance/ICIGDev/GPUPOC/output/output299/win3072_nfauto/band1_toL8Ref/filtered_same-res_sift
72,band1,sift,ada,ada,lmeds90,win3072_nfauto,391.2007561001345,128.53432196432368,-77.64326128189684,884.3481477735778,6,7,1.109,46.58,6,0,1,41,64089,consensus,/maintenance/ICIGDev/GPUPOC/output/output299/win3072_nfauto/band1_toL8Ref/filtered_same-res_sift
73,band1,disk_depth,lgm,lgm,ransac90,win3072_nfauto,394.94205938804095,163.45773151830176,-53.434241808263174,662.535938151543,6,7,3.237,139.18,3,3,1,29,29890,consensus,/maintenance/ICIGDev/GPUPOC/output/output299/win3072_nfauto/band1_toL8Ref/filtered_same-res_disk_depth
74,band1,sift,snn,snn,accurate90,win3072_nfauto,405.9912334485959,169.42988183256648,-120.41863209077125,757.3259207122837,6,7,0.985,43.34,1,5,1,40,3324,consensus,/maintenance/ICIGDev/GPUPOC/output/output299/win3072_nfauto/band1_toL8Ref/filtered_same-res_sift
75,band1,dedode_L-C4-v2_B-C4,smnn,smnn0.95,magsac90,win3072_nfauto,414.86103943750834,220.41465657289146,-115.08203994747964,751.4208336824762,6,7,4.446,200.08,0,6,1,39,1244,consensus,/maintenance/ICIGDev/GPUPOC/output/output299/win3072_nfauto/band1_toL8Ref/filtered_same-res_dedode_L-C4-v2_B-C4
76,band1,loftr,loftr,loftr_internal,lmeds90,win3072_nfauto,10520.052913919102,2501.576948502998,7020.475036994126,19731.828267382658,6,7,14.719,147.19,1,5,1,9,2640,consensus,/maintenance/ICIGDev/GPUPOC/output/output299/win3072_nfauto/band1_toL8Ref/filtered_same-res_loftr
77,band1,imw-gim-dkm,internal,internal,ransac90,win3072_nfauto,12312.368379799716,4864.395681536869,-1487.0939626031413,20464.7192030712,6,7,5.16,190.94,4,2,1,34,35342,consensus,/maintenance/ICIGDev/GPUPOC/output/output299/win3072_nfauto/band1_toL8Ref/filtered_same-res_imw-gim-dkm
78,band1,dedode_L-C4_B-C4,ada,ada,accurate90,win3072_nfauto,15936.366024537274,-771.8072742522787,1827.7645703551243,29218.690224472375,6,7,4.588,197.3,3,3,1,42,25132,consensus,/maintenance/ICIGDev/GPUPOC/output/output299/win3072_nfauto/band1_toL8Ref/filtered_same-res_dedode_L-C4_B-C4
79,band1,dedode_L-upright_B-C4,smnn,smnn0.95,ransac90,win3072_nfauto,174.83482974594605,48.015549125336385,12.036791196570993,271.7593059925095,5,7,4.455,196.04,0,5,2,28,461,consensus,/maintenance/ICIGDev/GPUPOC/output/output299/win3072_nfauto/band1_toL8Ref/filtered_same-res_dedode_L-upright_B-C4
80,band1,dedode_L-upright_B-upright,smnn,smnn0.95,accurate90,win3072_nfauto,185.1352791229975,-5.898787765910129,111.87777686322224,247.0310833855441,5,7,5.042,196.63,0,5,2,27,375,consensus,/maintenance/ICIGDev/GPUPOC/output/output299/win3072_nfauto/band1_toL8Ref/filtered_same-res_dedode_L-upright_B-upright
81,band1,dedode_L-upright_B-upright,lgm,lgm,lmeds90,win3072_nfauto,228.8052515894547,61.792403093381836,-15.392926095283656,421.3824448178427,5,7,5.09,188.33,2,3,2,31,24872,consensus,/maintenance/ICIGDev/GPUPOC/output/output299/win3072_nfauto/band1_toL8Ref/filtered_same-res_dedode_L-upright_B-upright
82,band1,imw-eloftr,internal,internal,magsac90,win3072_nfauto,235.90426760052983,69.90249950729003,-44.510254028381134,448.10356162484686,5,7,10.273,184.92,1,4,2,14,10491,consensus,/maintenance/ICIGDev/GPUPOC/output/output299/win3072_nfauto/band1_toL8Ref/filtered_same-res_imw-eloftr
83,band1,dedode_L-C4_B-upright,lgm,lgm,accurate90,win3072_nfauto,264.06395447594423,86.66800294813856,-74.94417699077076,510.1187189477881,5,7,6.007,204.25,0,5,2,25,5319,consensus,/maintenance/ICIGDev/GPUPOC/output/output299/win3072_nfauto/band1_toL8Ref/filtered_same-res_dedode_L-C4_B-upright
84,band1,dedode_L-C4_B-C4,smnn,smnn0.95,ransac90,win3072_nfauto,264.34596129576414,140.50950893043074,-135.05930012590906,502.12751297853504,5,7,4.578,201.43,0,5,2,21,344,consensus,/maintenance/ICIGDev/GPUPOC/output/output299/win3072_nfauto/band1_toL8Ref/filtered_same-res_dedode_L-C4_B-C4
85,band1,dedode_L-C4-v2_B-C4,ada,ada,accurate90,win3072_nfauto,276.6694359492237,56.62567092535646,-24.88012993657776,559.4319021776419,5,7,4.592,197.46,1,4,2,36,9166,consensus,/maintenance/ICIGDev/GPUPOC/output/output299/win3072_nfauto/band1_toL8Ref/filtered_same-res_dedode_L-C4-v2_B-C4
86,band1,gftt,fginn,fginn,ransac90,win3072_nfauto,288.7266873675857,117.494212165101,-90.68836439175429,550.0843350044571,5,7,0.926,41.69,0,5,2,34,879,consensus,/maintenance/ICIGDev/GPUPOC/output/output299/win3072_nfauto/band1_toL8Ref/filtered_same-res_gftt
87,band1,imw-ripe-nn,internal,internal,lmeds90,win3072_nfauto,291.7009947494732,144.2033145172445,-122.89141550217009,574.8805987201561,5,7,4.484,201.8,1,4,2,33,3380,consensus,/maintenance/ICIGDev/GPUPOC/output/output299/win3072_nfauto/band1_toL8Ref/filtered_same-res_imw-ripe-nn
88,band1,imw-omniglue,internal,internal,accurate90,win3072_nfauto,308.21292551639215,141.478090125166,-83.4521865279099,588.4178541535638,5,7,35.267,1410.66,1,4,2,37,4321,consensus,/maintenance/ICIGDev/GPUPOC/output/output299/win3072_nfauto/band1_toL8Ref/filtered_same-res_imw-omniglue
89,band1,imw-xfeat-dense,internal,internal,accurate90,win3072_nfauto,314.78563561497236,68.44779933376321,12.85424108375064,571.8084817541468,5,7,3.507,154.3,1,4,2,41,4385,consensus,/maintenance/ICIGDev/GPUPOC/output/output299/win3072_nfauto/band1_toL8Ref/filtered_same-res_imw-xfeat-dense
90,band1,imw-xfeat-lg,internal,internal,magsac90,win3072_nfauto,325.5707357032514,103.94383212824741,-66.37256143866107,642.9946281324712,5,7,3.365,148.05,3,2,2,40,3777,consensus,/maintenance/ICIGDev/GPUPOC/output/output299/win3072_nfauto/band1_toL8Ref/filtered_same-res_imw-xfeat-lg
91,band1,hessian,snn,snn,lmeds90,win3072_nfauto,325.9806827491689,88.65889219822729,-70.04989692766848,670.6712405177338,5,7,1.02,43.85,0,5,2,39,3336,consensus,/maintenance/ICIGDev/GPUPOC/output/output299/win3072_nfauto/band1_toL8Ref/filtered_same-res_hessian
92,band1,imw-dad-roma,internal,internal,accurate90,win3072_nfauto,334.76744894245127,81.39182889498242,-85.23043873505193,690.1427404712675,5,7,8.422,379.01,2,3,2,37,6767,consensus,/maintenance/ICIGDev/GPUPOC/output/output299/win3072_nfauto/band1_toL8Ref/filtered_same-res_imw-dad-roma
93,band1,dedode_L-C4-v2_B-C4,lgm,lgm,ransac90,win3072_nfauto,339.87208098008205,177.86008970866533,-55.992051160505255,618.4682946068888,5,7,4.661,200.42,0,5,2,17,264,consensus,/maintenance/ICIGDev/GPUPOC/output/output299/win3072_nfauto/band1_toL8Ref/filtered_same-res_dedode_L-C4-v2_B-C4
94,band1,imw-xoftr,internal,internal,lmeds90,win3072_nfauto,13268.376169249437,8097.66439386986,2614.485598500128,23532.216496132376,5,7,9.107,191.24,0,5,2,20,3006,consensus,/maintenance/ICIGDev/GPUPOC/output/output299/win3072_nfauto/band1_toL8Ref/filtered_same-res_imw-xoftr
95,band1,dedode_L-upright_B-C4,lgm,lgm,ransac90,win3072_nfauto,191.56440937007847,39.70277124045663,77.38964151263667,356.05702041883654,4,7,4.998,194.91,0,4,3,10,140,consensus,/maintenance/ICIGDev/GPUPOC/output/output299/win3072_nfauto/band1_toL8Ref/filtered_same-res_dedode_L-upright_B-C4
96,band1,imw-aspanformer,internal,internal,ransac90,win3072_nfauto,263.5356478199068,204.4842664102241,-77.5425622850073,310.71631881080924,4,7,13.776,247.96,1,3,3,13,11000,consensus,/maintenance/ICIGDev/GPUPOC/output/output299/win3072_nfauto/band1_toL8Ref/filtered_same-res_imw-aspanformer
97,band1,dedode_L-C4-v2_B-upright,snn,snn,lmeds90,win3072_nfauto,348.26793364132755,137.51449269149816,-132.78183749112827,609.9938734461688,4,7,5.366,193.17,0,4,3,16,172,consensus,/maintenance/ICIGDev/GPUPOC/output/output299/win3072_nfauto/band1_toL8Ref/filtered_same-res_dedode_L-C4-v2_B-upright
98,band1,imw-alike-nn,internal,internal,lmeds90,win3072_nfauto,349.1586404500763,142.10470448129593,-150.70722672895204,642.9931854648308,4,7,3.687,158.55,0,4,3,31,1999,consensus,/maintenance/ICIGDev/GPUPOC/output/output299/win3072_nfauto/band1_toL8Ref/filtered_same-res_imw-alike-nn
99,band1,imw-rdd-nn,internal,internal,magsac90,win3072_nfauto,1514.9324820618415,202.73369100418336,1117.4981767256686,2384.7953215012913,4,7,37.348,410.83,0,4,3,9,287,consensus,/maintenance/ICIGDev/GPUPOC/output/output299/win3072_nfauto/band1_toL8Ref/filtered_same-res_imw-rdd-nn
100,band1,dedode_L-C4_B-upright,fginn,fginn,lmeds90,win3072_nfauto,36790.53887633188,-2807.6718659592866,-28084.566272318552,60034.13278928938,4,7,4.325,194.62,0,4,3,11,195,consensus,/maintenance/ICIGDev/GPUPOC/output/output299/win3072_nfauto/band1_toL8Ref/filtered_same-res_dedode_L-C4_B-upright
101,band1,dedode_L-C4_B-upright,smnn,smnn0.95,lmeds90,win3072_nfauto,365.29126313020697,125.80978552165531,-119.725181206801,610.1377865069451,3,7,4.791,201.21,0,3,4,22,608,consensus,/maintenance/ICIGDev/GPUPOC/output/output299/win3072_nfauto/band1_toL8Ref/filtered_same-res_dedode_L-C4_B-upright
102,band1,dedode_L-upright_B-C4,fginn,fginn,lmeds90,win3072_nfauto,393.2144032075571,-66.55614469664913,340.0986645015931,568.3402919400676,3,7,4.2,188.99,0,3,4,10,175,consensus,/maintenance/ICIGDev/GPUPOC/output/output299/win3072_nfauto/band1_toL8Ref/filtered_same-res_dedode_L-upright_B-C4
103,band1,imw-rord-nn,internal,internal,lmeds90,win3072_nfauto,429.89756442014124,144.21877908227847,-167.93001473820095,720.1594119013041,3,7,9.13,310.43,0,3,4,26,1689,consensus,/maintenance/ICIGDev/GPUPOC/output/output299/win3072_nfauto/band1_toL8Ref/filtered_same-res_imw-rord-nn
104,band1,dedode_L-upright_B-upright,fginn,fginn,accurate90,win3072_nfauto,1346.8690329081674,868.3971377755391,232.22645915497165,2184.3794462951346,3,7,4.617,180.05,0,3,4,12,122,consensus,/maintenance/ICIGDev/GPUPOC/output/output299/win3072_nfauto/band1_toL8Ref/filtered_same-res_dedode_L-upright_B-upright
105,band1,dedode_L-upright_B-upright,snn,snn,magsac90,win3072_nfauto,1513.188225784177,1347.1106726983787,-187.88041621724764,2121.84416928626,3,7,8.19,180.18,0,3,4,11,96,consensus,/maintenance/ICIGDev/GPUPOC/output/output299/win3072_nfauto/band1_toL8Ref/filtered_same-res_dedode_L-upright_B-upright
106,band1,dedode_L-upright_B-C4,snn,snn,accurate90,win3072_nfauto,10068.644234881811,-9052.660918462027,-218.49577802260046,12188.265933170873,3,7,6.749,188.98,0,3,4,14,214,consensus,/maintenance/ICIGDev/GPUPOC/output/output299/win3072_nfauto/band1_toL8Ref/filtered_same-res_dedode_L-upright_B-C4
107,band1,dedode_L-C4_B-upright,snn,snn,magsac90,win3072_nfauto,39444.306077383,-3660.8065955927395,-34920.0989876233,56624.179496871846,3,7,7.775,194.37,0,3,4,10,135,consensus,/maintenance/ICIGDev/GPUPOC/output/output299/win3072_nfauto/band1_toL8Ref/filtered_same-res_dedode_L-C4_B-upright
108,band1,dedode_L-C4_B-C4,snn,snn,ransac90,win3072_nfauto,279.02670557271364,129.13371832449138,2.685583687725284,307.9661833965598,2,7,9.209,193.39,0,2,5,10,158,consensus,/maintenance/ICIGDev/GPUPOC/output/output299/win3072_nfauto/band1_toL8Ref/filtered_same-res_dedode_L-C4_B-C4
109,band1,dedode_L-C4_B-C4,fginn,fginn,ransac90,win3072_nfauto,290.5008665274845,109.0791869160671,-10.358597569745598,326.71787096723097,2,7,4.296,193.33,0,2,5,10,156,consensus,/maintenance/ICIGDev/GPUPOC/output/output299/win3072_nfauto/band1_toL8Ref/filtered_same-res_dedode_L-C4_B-C4
110,band1,dedode_L-C4_B-C4,lgm,lgm,lmeds90,win3072_nfauto,1571.305566218788,-1470.546819311865,-278.88236326403603,1759.3584219010131,2,7,5.576,200.75,0,2,5,12,435,consensus,/maintenance/ICIGDev/GPUPOC/output/output299/win3072_nfauto/band1_toL8Ref/filtered_same-res_dedode_L-C4_B-C4
111,band1,dedode_L-C4-v2_B-C4,fginn,fginn,magsac90,win3072_nfauto,52023.250426803665,10050.015227774118,49784.411817868895,60299.36034901091,2,7,4.313,194.06,0,2,5,14,790,consensus,/maintenance/ICIGDev/GPUPOC/output/output299/win3072_nfauto/band1_toL8Ref/filtered_same-res_dedode_L-C4-v2_B-C4
112,band1,dedode_L-C4-v2_B-C4,snn,snn,accurate90,win3072_nfauto,82583.35029809474,-82495.02910487182,-3818.3660699537977,82583.35029809472,1,7,5.245,194.07,0,1,6,13,444,consensus,/maintenance/ICIGDev/GPUPOC/output/output299/win3072_nfauto/band1_toL8Ref/filtered_same-res_dedode_L-C4-v2_B-C4
113,band1,dedode_L-upright_G-upright,ada,ada,accurate90,win3072_nfauto,,,,,0,7,141.389,141.39,0,0,0,1,16,consensus,/maintenance/ICIGDev/GPUPOC/output/output299/win3072_nfauto/band1_toL8Ref/filtered_same-res_dedode_L-upright_G-upright
114,band1,dedode_L-upright_G-upright,mnn,mnn,accurate90,win3072_nfauto,,,,,0,7,47.112,141.34,0,0,0,1,6,consensus,/maintenance/ICIGDev/GPUPOC/output/output299/win3072_nfauto/band1_toL8Ref/filtered_same-res_dedode_L-upright_G-upright
115,band1,dedode_L-upright_G-C4,ada,ada,ransac90,win3072_nfauto,,,,,0,7,71.323,142.65,0,0,0,1,22,consensus,/maintenance/ICIGDev/GPUPOC/output/output299/win3072_nfauto/band1_toL8Ref/filtered_same-res_dedode_L-upright_G-C4
116,band1,dedode_L-upright_G-C4,fginn,fginn,accurate90,win3072_nfauto,,,,,0,7,47.377,142.13,0,0,0,1,13,consensus,/maintenance/ICIGDev/GPUPOC/output/output299/win3072_nfauto/band1_toL8Ref/filtered_same-res_dedode_L-upright_G-C4
117,band1,dedode_L-upright_G-C4,nn,nn,magsac90,win3072_nfauto,,,,,0,7,47.499,142.5,0,0,0,1,23,consensus,/maintenance/ICIGDev/GPUPOC/output/output299/win3072_nfauto/band1_toL8Ref/filtered_same-res_dedode_L-upright_G-C4
118,band1,dedode_L-upright_G-C4,snn,snn,accurate90,win3072_nfauto,,,,,0,7,141.941,141.94,0,0,0,1,13,consensus,/maintenance/ICIGDev/GPUPOC/output/output299/win3072_nfauto/band1_toL8Ref/filtered_same-res_dedode_L-upright_G-C4
119,band1,dedode_L-C4_G-upright,lgm,lgm,lmeds90,win3072_nfauto,,,,,0,7,146.756,146.76,0,0,0,1,14,consensus,/maintenance/ICIGDev/GPUPOC/output/output299/win3072_nfauto/band1_toL8Ref/filtered_same-res_dedode_L-C4_G-upright
120,band1,dedode_L-C4_G-upright,smnn,smnn0.95,lmeds90,win3072_nfauto,,,,,0,7,36.615,146.46,0,0,0,1,6,consensus,/maintenance/ICIGDev/GPUPOC/output/output299/win3072_nfauto/band1_toL8Ref/filtered_same-res_dedode_L-C4_G-upright
121,band1,dedode_L-C4_G-C4,fginn,fginn,accurate90,win3072_nfauto,,,,,0,7,35.655,142.62,0,0,0,1,6,consensus,/maintenance/ICIGDev/GPUPOC/output/output299/win3072_nfauto/band1_toL8Ref/filtered_same-res_dedode_L-C4_G-C4
122,band1,dedode_L-C4_G-C4,smnn,smnn0.95,lmeds90,win3072_nfauto,,,,,0,7,35.724,142.9,0,0,0,1,11,consensus,/maintenance/ICIGDev/GPUPOC/output/output299/win3072_nfauto/band1_toL8Ref/filtered_same-res_dedode_L-C4_G-C4
123,band1,dedode_L-C4-v2_G-upright,lgm,lgm,lmeds90,win3072_nfauto,,,,,0,7,47.223,141.67,0,0,0,1,185,consensus,/maintenance/ICIGDev/GPUPOC/output/output299/win3072_nfauto/band1_toL8Ref/filtered_same-res_dedode_L-C4-v2_G-upright
124,band1,dedode_L-C4-v2_G-upright,mnn,mnn,magsac90,win3072_nfauto,,,,,0,7,35.176,140.7,0,0,0,1,10,consensus,/maintenance/ICIGDev/GPUPOC/output/output299/win3072_nfauto/band1_toL8Ref/filtered_same-res_dedode_L-C4-v2_G-upright
125,band1,dedode_L-C4-v2_G-upright,smnn,smnn0.95,accurate90,win3072_nfauto,,,,,0,7,35.177,140.71,0,0,0,1,6,consensus,/maintenance/ICIGDev/GPUPOC/output/output299/win3072_nfauto/band1_toL8Ref/filtered_same-res_dedode_L-C4-v2_G-upright
126,band1,dedode_L-C4-v2_G-C4,fginn,fginn,accurate90,win3072_nfauto,,,,,0,7,37.869,151.48,0,0,0,1,8,consensus,/maintenance/ICIGDev/GPUPOC/output/output299/win3072_nfauto/band1_toL8Ref/filtered_same-res_dedode_L-C4-v2_G-C4
127,band1,dedode_L-C4-v2_G-C4,lgm,lgm,lmeds90,win3072_nfauto,,,,,0,7,152.399,152.4,0,0,0,1,41,consensus,/maintenance/ICIGDev/GPUPOC/output/output299/win3072_nfauto/band1_toL8Ref/filtered_same-res_dedode_L-C4-v2_G-C4
128,band1,dedode_L-C4-v2_G-C4,mnn,mnn,accurate90,win3072_nfauto,,,,,0,7,37.871,151.49,0,0,0,1,11,consensus,/maintenance/ICIGDev/GPUPOC/output/output299/win3072_nfauto/band1_toL8Ref/filtered_same-res_dedode_L-C4-v2_G-C4
129,band1,dedode_L-C4-v2_G-C4,snn,snn,accurate90,win3072_nfauto,,,,,0,7,75.562,151.12,0,0,0,1,7,consensus,/maintenance/ICIGDev/GPUPOC/output/output299/win3072_nfauto/band1_toL8Ref/filtered_same-res_dedode_L-C4-v2_G-C4
130,band1,imw-minima-loftr,internal,internal,accurate90,win3072_nfauto,,,,,0,7,26.783,267.83,0,0,0,1,24,consensus,/maintenance/ICIGDev/GPUPOC/output/output299/win3072_nfauto/band1_toL8Ref/filtered_same-res_imw-minima-loftr
131,band1,imw-topicfm,internal,internal,accurate90,win3072_nfauto,,,,,0,7,77.042,154.08,0,0,0,1,467,consensus,/maintenance/ICIGDev/GPUPOC/output/output299/win3072_nfauto/band1_toL8Ref/filtered_same-res_imw-topicfm
132,band1,imw-rdd-dense,internal,internal,accurate90,win3072_nfauto,,,,,0,7,414.916,414.92,0,0,0,1,8,consensus,/maintenance/ICIGDev/GPUPOC/output/output299/win3072_nfauto/band1_toL8Ref/filtered_same-res_imw-rdd-dense
