rank,channel,sweep,detector,matcher,ransac,truth_rmse_m,truth_mean_dE_m,truth_mean_dN_m,truth_max_m,truth_reached,truth_total,sec_per_window,pass_seconds,n_local,n_surface,n_extrapolated,n_chips,n_points,chips,filtered_dir
1,band1,win2048_nfauto,imw-minima-roma,internal,magsac630,3039.918133644023,759.252948260286,-1177.6592207203164,7592.879713240145,7,7,0.83,4.98,7,0,0,6,6295,consensus,/maintenance/ICIGDev/GPUPOC/output/output300/win2048_nfauto/band1_toL8Ref/filtered_same-res_imw-minima-roma
2,band1,win2048_nfauto,imw-minima-roma,internal,lmeds630,3040.270854769465,760.5580028996562,-1162.9106160585163,7592.879713240145,7,7,0.83,4.98,7,0,0,6,6704,consensus,/maintenance/ICIGDev/GPUPOC/output/output300/win2048_nfauto/band1_toL8Ref/filtered_same-res_imw-minima-roma
3,band1,win2048_nfauto,dog_hardnet,nn,lmeds630,46677.78626408052,5202.918074378767,-3349.5471081784603,71709.74241401709,7,7,0.172,1.03,7,0,0,6,22521,consensus,/maintenance/ICIGDev/GPUPOC/output/output300/win2048_nfauto/band1_toL8Ref/filtered_same-res_dog_hardnet
4,band1,win2048_nfauto,sift,nn,lmeds630,52102.903409873616,-13500.961031694344,-8382.522684245256,74132.4358551711,7,7,0.129,0.77,7,0,0,6,22520,consensus,/maintenance/ICIGDev/GPUPOC/output/output300/win2048_nfauto/band1_toL8Ref/filtered_same-res_sift
5,band1,win2048_nfauto,dedode_L-C4_B-upright,nn,lmeds630,59939.65458211695,-988.27486752061,-16598.916738331493,78910.88601817268,7,7,0.34,2.04,7,0,0,4,96539,consensus,/maintenance/ICIGDev/GPUPOC/output/output300/win2048_nfauto/band1_toL8Ref/filtered_same-res_dedode_L-C4_B-upright
6,band1,win2048_nfauto,dedode_L-C4_B-C4,nn,lmeds630,67618.6630623526,4536.875737635074,-27084.946545165938,92911.4293536697,7,7,0.34,2.04,7,0,0,6,136537,consensus,/maintenance/ICIGDev/GPUPOC/output/output300/win2048_nfauto/band1_toL8Ref/filtered_same-res_dedode_L-C4_B-C4
7,band1,win2048_nfauto,hessian,nn,lmeds630,71043.15663821502,-11996.485803454376,1475.789972902934,132466.8210059993,7,7,0.186,1.12,7,0,0,6,31497,consensus,/maintenance/ICIGDev/GPUPOC/output/output300/win2048_nfauto/band1_toL8Ref/filtered_same-res_hessian
8,band1,win2048_nfauto,dedode_L-C4-v2_B-upright,nn,lmeds630,73060.31647372321,26625.552642694307,-8862.786395653762,118420.48046082932,7,7,0.416,2.5,7,0,0,4,114916,consensus,/maintenance/ICIGDev/GPUPOC/output/output300/win2048_nfauto/band1_toL8Ref/filtered_same-res_dedode_L-C4-v2_B-upright
9,band1,win2048_nfauto,dedode_L-C4-v2_B-C4,nn,lmeds630,78859.04891744109,46416.472715398806,-17270.153602833725,114626.34607807035,7,7,0.368,2.21,7,0,0,6,167904,consensus,/maintenance/ICIGDev/GPUPOC/output/output300/win2048_nfauto/band1_toL8Ref/filtered_same-res_dedode_L-C4-v2_B-C4
10,band1,win2048_nfauto,imw-rdd-nn,internal,lmeds630,5105.854414852986,2488.0290285424094,-685.6661615613754,10469.171400869227,6,7,4.795,28.77,5,1,1,6,4668,consensus,/maintenance/ICIGDev/GPUPOC/output/output300/win2048_nfauto/band1_toL8Ref/filtered_same-res_imw-rdd-nn
11,band1,win2048_nfauto,disk_epipolar,nn,lmeds630,30036.978201499154,10381.313333674518,-10677.994882575613,52171.44950883726,6,7,0.193,1.16,6,0,1,6,31915,consensus,/maintenance/ICIGDev/GPUPOC/output/output300/win2048_nfauto/band1_toL8Ref/filtered_same-res_disk_epipolar
12,band1,win2048_nfauto,disk_depth,nn,lmeds630,52444.60406846259,14150.935047384142,-28661.145365039727,94409.75895981125,6,7,0.161,0.96,6,0,1,6,29209,consensus,/maintenance/ICIGDev/GPUPOC/output/output300/win2048_nfauto/band1_toL8Ref/filtered_same-res_disk_depth
13,band1,win2048_nfauto,dedode_L-upright_B-upright,nn,lmeds630,64293.348070375294,32686.14156275813,-9737.86711578405,119809.493064917,6,7,0.348,2.09,6,0,1,5,117928,consensus,/maintenance/ICIGDev/GPUPOC/output/output300/win2048_nfauto/band1_toL8Ref/filtered_same-res_dedode_L-upright_B-upright
14,band1,win2048_nfauto,dedode_L-C4-v2_B-upright,ada,lmeds630,70816.54477617129,47277.84880331116,-11382.577710566662,107722.14444244417,6,7,0.332,1.99,6,0,1,6,15519,consensus,/maintenance/ICIGDev/GPUPOC/output/output300/win2048_nfauto/band1_toL8Ref/filtered_same-res_dedode_L-C4-v2_B-upright
15,band1,win2048_nfauto,dedode_L-C4_B-C4,nn,magsac630,74966.48209725639,43300.54931954652,-8507.162317702272,120036.75070724255,6,7,0.34,2.04,6,0,1,6,8578,consensus,/maintenance/ICIGDev/GPUPOC/output/output300/win2048_nfauto/band1_toL8Ref/filtered_same-res_dedode_L-C4_B-C4
16,band1,win2048_nfauto,dedode_L-upright_B-C4,nn,lmeds630,76260.77383275394,38103.97520489121,-16291.110624222194,112216.97079858693,6,7,0.348,2.09,6,0,1,6,148234,consensus,/maintenance/ICIGDev/GPUPOC/output/output300/win2048_nfauto/band1_toL8Ref/filtered_same-res_dedode_L-upright_B-C4
17,band1,win2048_nfauto,dedode_L-C4_B-C4,ada,lmeds630,106324.22231027222,-24265.00531221057,-29190.215666319407,159609.98943656863,6,7,0.308,1.85,5,1,1,6,9743,consensus,/maintenance/ICIGDev/GPUPOC/output/output300/win2048_nfauto/band1_toL8Ref/filtered_same-res_dedode_L-C4_B-C4
18,band1,win2048_nfauto,imw-dkm,internal,magsac630,1184.7675425377324,175.78616045016193,-379.9981685136612,2612.8173044539853,5,7,0.804,4.02,5,0,2,4,7531,consensus,/maintenance/ICIGDev/GPUPOC/output/output300/win2048_nfauto/band1_toL8Ref/filtered_same-res_imw-dkm
19,band1,win2048_nfauto,dog_hardnet,mnn,lmeds630,28739.416177423147,-10998.507649245706,-958.9384180320252,43675.038720049706,5,7,0.145,0.87,4,1,2,6,3654,consensus,/maintenance/ICIGDev/GPUPOC/output/output300/win2048_nfauto/band1_toL8Ref/filtered_same-res_dog_hardnet
20,band1,win2048_nfauto,imw-roma,internal,lmeds630,29511.07348004806,16939.92942066998,7003.978190071573,50310.37335796066,5,7,0.799,4.8,3,2,2,6,5262,consensus,/maintenance/ICIGDev/GPUPOC/output/output300/win2048_nfauto/band1_toL8Ref/filtered_same-res_imw-roma
21,band1,win2048_nfauto,disk_epipolar,mnn,lmeds630,38264.67041276275,1015.1914073437569,-14705.062461028985,68384.76543322431,5,7,0.177,1.06,5,0,2,6,9854,consensus,/maintenance/ICIGDev/GPUPOC/output/output300/win2048_nfauto/band1_toL8Ref/filtered_same-res_disk_epipolar
22,band1,win2048_nfauto,imw-dad-roma,internal,lmeds630,41460.06010599158,19408.692675290535,-27391.098995746688,52384.623869497525,5,7,2.997,17.98,0,5,2,6,220,consensus,/maintenance/ICIGDev/GPUPOC/output/output300/win2048_nfauto/band1_toL8Ref/filtered_same-res_imw-dad-roma
23,band1,win2048_nfauto,keynet,nn,lmeds630,54044.89886835333,-3084.923899347031,-14306.717430931483,83808.33668038278,5,7,0.237,1.42,5,0,2,6,14845,consensus,/maintenance/ICIGDev/GPUPOC/output/output300/win2048_nfauto/band1_toL8Ref/filtered_same-res_keynet
24,band1,win2048_nfauto,dedode_L-C4-v2_B-C4,mnn,lmeds630,59769.92325091895,-24056.091592755005,-26061.414642323412,86294.10821600676,5,7,0.3,1.8,3,2,2,6,2909,consensus,/maintenance/ICIGDev/GPUPOC/output/output300/win2048_nfauto/band1_toL8Ref/filtered_same-res_dedode_L-C4-v2_B-C4
25,band1,win2048_nfauto,dedode_L-upright_B-upright,nn,magsac630,68128.48656321688,43781.33977803706,-1526.3728893274422,88156.77814341536,5,7,0.348,2.09,4,1,2,6,5321,consensus,/maintenance/ICIGDev/GPUPOC/output/output300/win2048_nfauto/band1_toL8Ref/filtered_same-res_dedode_L-upright_B-upright
26,band1,win2048_nfauto,dedode_L-C4-v2_B-C4,ada,magsac630,70037.16851389725,34815.25782504919,-9371.478617981398,98879.02622939272,5,7,0.331,1.99,3,2,2,6,3129,consensus,/maintenance/ICIGDev/GPUPOC/output/output300/win2048_nfauto/band1_toL8Ref/filtered_same-res_dedode_L-C4-v2_B-C4
27,band1,win2048_nfauto,dedode_L-upright_B-C4,nn,magsac630,71050.3949200468,22187.008883639784,4478.670404510283,103635.86484344245,5,7,0.348,2.09,4,1,2,6,11807,consensus,/maintenance/ICIGDev/GPUPOC/output/output300/win2048_nfauto/band1_toL8Ref/filtered_same-res_dedode_L-upright_B-C4
28,band1,win2048_nfauto,dedode_L-C4-v2_B-C4,ada,lmeds630,76761.9527856263,54289.37430538621,1013.785207059305,113667.66582503045,5,7,0.331,1.99,5,0,2,6,11984,consensus,/maintenance/ICIGDev/GPUPOC/output/output300/win2048_nfauto/band1_toL8Ref/filtered_same-res_dedode_L-C4-v2_B-C4
29,band1,win2048_nfauto,gftt,nn,lmeds630,77588.95302569309,8908.07776172152,-14361.519959141073,116587.64665946345,5,7,0.156,0.94,5,0,2,6,17532,consensus,/maintenance/ICIGDev/GPUPOC/output/output300/win2048_nfauto/band1_toL8Ref/filtered_same-res_gftt
30,band1,win2048_nfauto,dedode_L-C4-v2_B-C4,nn,magsac630,85357.78656036445,72477.08378710088,4826.6363393075935,112946.39421816016,5,7,0.368,2.21,4,1,2,6,8380,consensus,/maintenance/ICIGDev/GPUPOC/output/output300/win2048_nfauto/band1_toL8Ref/filtered_same-res_dedode_L-C4-v2_B-C4
31,band1,win2048_nfauto,dedode_L-C4_B-upright,ada,lmeds630,103620.47090541701,-26497.510905939613,-51240.77772850178,180349.4465906576,5,7,0.308,1.85,4,1,2,6,9321,consensus,/maintenance/ICIGDev/GPUPOC/output/output300/win2048_nfauto/band1_toL8Ref/filtered_same-res_dedode_L-C4_B-upright
32,band1,win2048_nfauto,imw-dkm,internal,lmeds630,1317.1470386412182,180.3649693951133,-531.6293994618843,2612.8173044539853,4,7,0.804,4.02,4,0,3,4,8086,consensus,/maintenance/ICIGDev/GPUPOC/output/output300/win2048_nfauto/band1_toL8Ref/filtered_same-res_imw-dkm
33,band1,win2048_nfauto,imw-roma,internal,magsac630,3798.312401416072,1087.3262860808372,-1480.9226164957936,7591.818776853158,4,7,0.799,4.8,4,0,3,6,4674,consensus,/maintenance/ICIGDev/GPUPOC/output/output300/win2048_nfauto/band1_toL8Ref/filtered_same-res_imw-roma
34,band1,win2048_nfauto,imw-aspanformer,internal,lmeds630,3861.6645740613067,1137.7251876095688,-1647.982216675612,7679.515369889008,4,7,3.247,19.48,4,0,3,6,2061,consensus,/maintenance/ICIGDev/GPUPOC/output/output300/win2048_nfauto/band1_toL8Ref/filtered_same-res_imw-aspanformer
35,band1,win2048_nfauto,dog_hardnet,ada,lmeds630,6768.202368647241,4395.385386321753,12.967670025668667,8689.126536350326,4,7,0.165,0.99,2,2,3,5,1990,consensus,/maintenance/ICIGDev/GPUPOC/output/output300/win2048_nfauto/band1_toL8Ref/filtered_same-res_dog_hardnet
36,band1,win2048_nfauto,loftr,loftr_internal,lmeds630,9388.694846364355,3508.1306046805294,-6679.8899922528435,14884.654683056431,4,7,4.254,25.52,2,2,3,6,1779,consensus,/maintenance/ICIGDev/GPUPOC/output/output300/win2048_nfauto/band1_toL8Ref/filtered_same-res_loftr
37,band1,win2048_nfauto,imw-aspanformer,internal,magsac630,23346.326701998478,-14126.371819937756,1305.518032283237,33146.66252728374,4,7,3.247,19.48,2,2,3,5,1840,consensus,/maintenance/ICIGDev/GPUPOC/output/output300/win2048_nfauto/band1_toL8Ref/filtered_same-res_imw-aspanformer
38,band1,win2048_nfauto,dedode_L-C4-v2_B-upright,mnn,magsac630,28301.33034221682,24889.373976825496,-9020.24037538778,35392.20951453746,4,7,0.301,1.81,0,4,3,6,821,consensus,/maintenance/ICIGDev/GPUPOC/output/output300/win2048_nfauto/band1_toL8Ref/filtered_same-res_dedode_L-C4-v2_B-upright
39,band1,win2048_nfauto,imw-darkfeat-nn,internal,lmeds630,32015.913067607165,-1307.1388975504874,-22394.33399884268,57863.570391351925,4,7,0.397,2.38,1,3,3,6,332,consensus,/maintenance/ICIGDev/GPUPOC/output/output300/win2048_nfauto/band1_toL8Ref/filtered_same-res_imw-darkfeat-nn
40,band1,win2048_nfauto,hessian,mnn,lmeds630,32657.299341815415,-5558.425933882277,-19576.10693879859,62018.22447594552,4,7,0.171,1.03,3,1,3,6,4269,consensus,/maintenance/ICIGDev/GPUPOC/output/output300/win2048_nfauto/band1_toL8Ref/filtered_same-res_hessian
41,band1,win2048_nfauto,dedode_L-C4-v2_B-C4,fginn_fm1,lmeds630,35102.30619817346,4474.188482896456,-18854.71283311772,46527.74200535859,4,7,0.297,1.78,0,4,3,6,308,consensus,/maintenance/ICIGDev/GPUPOC/output/output300/win2048_nfauto/band1_toL8Ref/filtered_same-res_dedode_L-C4-v2_B-C4
42,band1,win2048_nfauto,keynet,ada,lmeds630,37354.819994223086,6583.485982377522,-25571.57546633594,64999.57241421853,4,7,0.246,1.48,1,3,3,6,3456,consensus,/maintenance/ICIGDev/GPUPOC/output/output300/win2048_nfauto/band1_toL8Ref/filtered_same-res_keynet
43,band1,win2048_nfauto,dedode_L-C4_B-C4,mnn,lmeds630,61114.6726490807,-28072.310458483993,-17543.438407982852,114311.56583957442,4,7,0.29,1.74,3,1,3,6,6123,consensus,/maintenance/ICIGDev/GPUPOC/output/output300/win2048_nfauto/band1_toL8Ref/filtered_same-res_dedode_L-C4_B-C4
44,band1,win2048_nfauto,keynet,nn,magsac630,61383.38137187303,33908.601561664225,-22884.706828574475,87858.59693016465,4,7,0.237,1.42,0,4,3,6,1110,consensus,/maintenance/ICIGDev/GPUPOC/output/output300/win2048_nfauto/band1_toL8Ref/filtered_same-res_keynet
45,band1,win2048_nfauto,hessian,ada,lmeds630,65419.815219641176,32672.583809474832,7357.685564973135,130606.86623503325,4,7,0.182,1.09,4,0,3,6,3748,consensus,/maintenance/ICIGDev/GPUPOC/output/output300/win2048_nfauto/band1_toL8Ref/filtered_same-res_hessian
46,band1,win2048_nfauto,dedode_L-upright_B-upright,ada,lmeds630,86445.13318826506,4920.606180637775,-2991.455621219632,126004.86252202815,4,7,0.31,1.86,4,0,3,6,7037,consensus,/maintenance/ICIGDev/GPUPOC/output/output300/win2048_nfauto/band1_toL8Ref/filtered_same-res_dedode_L-upright_B-upright
47,band1,win2048_nfauto,dedode_L-upright_B-C4,ada,lmeds630,96919.89918500885,20296.1412217908,-12606.425199964975,155744.51020712967,4,7,0.308,1.85,2,2,3,6,6169,consensus,/maintenance/ICIGDev/GPUPOC/output/output300/win2048_nfauto/band1_toL8Ref/filtered_same-res_dedode_L-upright_B-C4
48,band1,win2048_nfauto,dedode_L-C4-v2_B-upright,nn,magsac630,98207.5011143813,65217.46504822367,-53994.10797069115,126183.4920491456,4,7,0.416,2.5,2,2,3,6,4334,consensus,/maintenance/ICIGDev/GPUPOC/output/output300/win2048_nfauto/band1_toL8Ref/filtered_same-res_dedode_L-C4-v2_B-upright
49,band1,win2048_nfauto,imw-gim-roma,internal,lmeds630,1851.0762922127326,745.1801885676808,-638.5215496257933,2759.136822672438,3,7,0.804,4.83,3,0,4,6,2504,consensus,/maintenance/ICIGDev/GPUPOC/output/output300/win2048_nfauto/band1_toL8Ref/filtered_same-res_imw-gim-roma
50,band1,win2048_nfauto,imw-rdd-nn,internal,magsac630,4266.384980727802,1528.470560140424,-1892.110746003146,7383.225661305853,3,7,4.795,28.77,3,0,4,6,3113,consensus,/maintenance/ICIGDev/GPUPOC/output/output300/win2048_nfauto/band1_toL8Ref/filtered_same-res_imw-rdd-nn
51,band1,win2048_nfauto,imw-topicfm,internal,lmeds630,4269.13313925211,1392.481753044697,-1904.0608783143068,7383.0534252563375,3,7,3.197,15.99,3,0,4,4,2122,consensus,/maintenance/ICIGDev/GPUPOC/output/output300/win2048_nfauto/band1_toL8Ref/filtered_same-res_imw-topicfm
52,band1,win2048_nfauto,imw-topicfm,internal,magsac630,4281.434569152202,1383.0591399808545,-1904.245253819825,7404.76253145251,3,7,3.197,15.99,3,0,4,4,1984,consensus,/maintenance/ICIGDev/GPUPOC/output/output300/win2048_nfauto/band1_toL8Ref/filtered_same-res_imw-topicfm
53,band1,win2048_nfauto,dog_hardnet,lgm,lmeds630,4442.664602841237,1501.098099290751,-2191.7692082977696,7690.292688008726,3,7,0.18,1.08,3,0,4,5,1537,consensus,/maintenance/ICIGDev/GPUPOC/output/output300/win2048_nfauto/band1_toL8Ref/filtered_same-res_dog_hardnet
54,band1,win2048_nfauto,imw-liftfeat-nn,internal,lmeds630,12353.450832640325,7217.971494705523,-4641.519866207117,17474.415704349605,3,7,0.489,2.93,0,3,4,5,252,consensus,/maintenance/ICIGDev/GPUPOC/output/output300/win2048_nfauto/band1_toL8Ref/filtered_same-res_imw-liftfeat-nn
55,band1,win2048_nfauto,dedode_L-C4-v2_B-upright,mnn,lmeds630,21814.534823179594,-5489.122802889641,-2927.3819431426055,28476.65976975924,3,7,0.301,1.81,2,1,4,6,2527,consensus,/maintenance/ICIGDev/GPUPOC/output/output300/win2048_nfauto/band1_toL8Ref/filtered_same-res_dedode_L-C4-v2_B-upright
56,band1,win2048_nfauto,sift,nn,magsac630,24070.325067241174,-2391.1400976926184,-6861.852068223504,33304.649510944335,3,7,0.129,0.77,0,3,4,5,542,consensus,/maintenance/ICIGDev/GPUPOC/output/output300/win2048_nfauto/band1_toL8Ref/filtered_same-res_sift
57,band1,win2048_nfauto,dedode_L-C4_B-upright,mnn,lmeds630,26924.54179517014,-16368.590956714324,579.2072099393978,41808.725383908095,3,7,0.287,1.72,2,1,4,6,4574,consensus,/maintenance/ICIGDev/GPUPOC/output/output300/win2048_nfauto/band1_toL8Ref/filtered_same-res_dedode_L-C4_B-upright
58,band1,win2048_nfauto,dog_hardnet,nn,magsac630,34791.89189145132,25986.14410539398,-7787.817652358158,42122.61209003438,3,7,0.172,1.03,0,3,4,6,896,consensus,/maintenance/ICIGDev/GPUPOC/output/output300/win2048_nfauto/band1_toL8Ref/filtered_same-res_dog_hardnet
59,band1,win2048_nfauto,hessian,nn,magsac630,40959.46323547537,34810.62391969491,-13796.683955519364,49376.55395041687,3,7,0.186,1.12,0,3,4,6,733,consensus,/maintenance/ICIGDev/GPUPOC/output/output300/win2048_nfauto/band1_toL8Ref/filtered_same-res_hessian
60,band1,win2048_nfauto,disk_depth,ada,lmeds630,41944.0980835965,21636.197222797717,-13006.694380116984,59126.020081205235,3,7,0.153,0.92,2,1,4,6,6648,consensus,/maintenance/ICIGDev/GPUPOC/output/output300/win2048_nfauto/band1_toL8Ref/filtered_same-res_disk_depth
61,band1,win2048_nfauto,keynet,ada,magsac630,44432.538749257394,24951.63079526322,-32746.41394684586,48406.16860856202,3,7,0.246,1.48,0,3,4,6,302,consensus,/maintenance/ICIGDev/GPUPOC/output/output300/win2048_nfauto/band1_toL8Ref/filtered_same-res_keynet
62,band1,win2048_nfauto,dedode_L-upright_B-C4,ada,magsac630,97892.78578400935,44800.45579329343,-8785.299126528675,153434.84497968748,3,7,0.308,1.85,2,1,4,6,2039,consensus,/maintenance/ICIGDev/GPUPOC/output/output300/win2048_nfauto/band1_toL8Ref/filtered_same-res_dedode_L-upright_B-C4
63,band1,win2048_nfauto,imw-gim-roma,internal,magsac630,1951.15371638912,395.68974553335283,-1338.5209025087306,2759.136822672438,2,7,0.804,4.83,2,0,5,4,1711,consensus,/maintenance/ICIGDev/GPUPOC/output/output300/win2048_nfauto/band1_toL8Ref/filtered_same-res_imw-gim-roma
64,band1,win2048_nfauto,disk_epipolar,ada,lmeds630,4761.01875053362,1159.1744633302258,-3010.505963382098,6717.46789461052,2,7,0.183,1.1,1,1,5,6,5202,consensus,/maintenance/ICIGDev/GPUPOC/output/output300/win2048_nfauto/band1_toL8Ref/filtered_same-res_disk_epipolar
65,band1,win2048_nfauto,hessian,ada,magsac630,5484.647959970505,2106.278538029146,-2850.2676586875814,7729.296468442867,2,7,0.182,1.09,2,0,5,4,677,consensus,/maintenance/ICIGDev/GPUPOC/output/output300/win2048_nfauto/band1_toL8Ref/filtered_same-res_hessian
66,band1,win2048_nfauto,dedode_L-C4_B-upright,lgm,magsac630,5504.304619154451,1171.1632995928994,-3038.961279220206,7464.106217477298,2,7,0.567,2.27,2,0,5,4,2192,consensus,/maintenance/ICIGDev/GPUPOC/output/output300/win2048_nfauto/band1_toL8Ref/filtered_same-res_dedode_L-C4_B-upright
67,band1,win2048_nfauto,dedode_L-C4_B-upright,lgm,lmeds630,5516.360013267129,1063.6721099094907,-3117.350847271347,7428.660923705284,2,7,0.567,2.27,2,0,5,4,2559,consensus,/maintenance/ICIGDev/GPUPOC/output/output300/win2048_nfauto/band1_toL8Ref/filtered_same-res_dedode_L-C4_B-upright
68,band1,win2048_nfauto,dog_hardnet,ada,magsac630,14848.58273286561,-3629.584487590647,-11889.300943520528,18935.02539822822,2,7,0.165,0.99,0,2,5,6,734,consensus,/maintenance/ICIGDev/GPUPOC/output/output300/win2048_nfauto/band1_toL8Ref/filtered_same-res_dog_hardnet
69,band1,win2048_nfauto,sift,ada,magsac630,16668.579035671806,-2200.6275833482177,11447.414039103276,23571.519894384677,2,7,0.122,0.73,1,1,5,5,625,consensus,/maintenance/ICIGDev/GPUPOC/output/output300/win2048_nfauto/band1_toL8Ref/filtered_same-res_sift
70,band1,win2048_nfauto,dedode_L-upright_B-upright,mnn,magsac630,19812.349219542808,-3605.3961293025286,-8601.457701882424,24558.268522041108,2,7,0.287,1.72,0,2,5,6,1679,consensus,/maintenance/ICIGDev/GPUPOC/output/output300/win2048_nfauto/band1_toL8Ref/filtered_same-res_dedode_L-upright_B-upright
71,band1,win2048_nfauto,dedode_L-C4_B-upright,mnn,magsac630,23136.038273928254,-6685.936496408036,-17976.656259204843,28235.383908812662,2,7,0.287,1.72,0,2,5,6,2897,consensus,/maintenance/ICIGDev/GPUPOC/output/output300/win2048_nfauto/band1_toL8Ref/filtered_same-res_dedode_L-C4_B-upright
72,band1,win2048_nfauto,imw-dad-roma,internal,magsac630,32999.56015962493,29204.26036435065,-6961.325454553385,38289.94348409229,2,7,2.997,17.98,0,2,5,5,160,consensus,/maintenance/ICIGDev/GPUPOC/output/output300/win2048_nfauto/band1_toL8Ref/filtered_same-res_imw-dad-roma
73,band1,win2048_nfauto,disk_depth,lgm,lmeds630,40510.301294778896,30885.480823692684,-24401.203312946993,44301.327196153,2,7,0.166,1.0,0,2,5,6,430,consensus,/maintenance/ICIGDev/GPUPOC/output/output300/win2048_nfauto/band1_toL8Ref/filtered_same-res_disk_depth
74,band1,win2048_nfauto,dedode_L-upright_B-upright,ada,magsac630,43335.65075035837,-24057.62890189524,27893.53370123986,53635.317732561074,2,7,0.31,1.86,2,0,5,6,1240,consensus,/maintenance/ICIGDev/GPUPOC/output/output300/win2048_nfauto/band1_toL8Ref/filtered_same-res_dedode_L-upright_B-upright
75,band1,win2048_nfauto,dedode_L-C4_B-upright,fginn_fm1,lmeds630,47764.34332767018,-30574.397147999818,-31550.78556242482,62674.230385953146,2,7,0.287,1.72,0,2,5,6,1129,consensus,/maintenance/ICIGDev/GPUPOC/output/output300/win2048_nfauto/band1_toL8Ref/filtered_same-res_dedode_L-C4_B-upright
76,band1,win2048_nfauto,gftt,nn,magsac630,50605.39447808527,-26520.83324000039,-32250.21572504099,70243.47840834552,2,7,0.156,0.94,0,2,5,6,820,consensus,/maintenance/ICIGDev/GPUPOC/output/output300/win2048_nfauto/band1_toL8Ref/filtered_same-res_gftt
77,band1,win2048_nfauto,dedode_L-C4_B-upright,nn,magsac630,56406.64565698879,22791.4015615784,-31314.384926350565,70699.97944778025,2,7,0.34,2.04,1,1,5,6,8350,consensus,/maintenance/ICIGDev/GPUPOC/output/output300/win2048_nfauto/band1_toL8Ref/filtered_same-res_dedode_L-C4_B-upright
78,band1,win2048_nfauto,gftt,mnn,lmeds630,58662.362359853236,-18335.65209374632,-26031.328246965488,79760.88113023942,2,7,0.151,0.91,2,0,5,6,1523,consensus,/maintenance/ICIGDev/GPUPOC/output/output300/win2048_nfauto/band1_toL8Ref/filtered_same-res_gftt
79,band1,win2048_nfauto,dedode_L-C4_B-C4,ada,magsac630,72134.84331105869,-12676.172730716185,-62663.03671034721,97161.27333935547,2,7,0.308,1.85,0,2,5,6,4366,consensus,/maintenance/ICIGDev/GPUPOC/output/output300/win2048_nfauto/band1_toL8Ref/filtered_same-res_dedode_L-C4_B-C4
80,band1,win2048_nfauto,sift,ada,lmeds630,93402.0515264234,64007.73283092052,16403.466788633854,132090.14706057447,2,7,0.122,0.73,2,0,5,6,2686,consensus,/maintenance/ICIGDev/GPUPOC/output/output300/win2048_nfauto/band1_toL8Ref/filtered_same-res_sift
81,band1,win2048_nfauto,dedode_L-upright_B-C4,mnn,lmeds630,112694.69027207475,75574.95911339983,22103.105575348614,159361.5293955894,2,7,0.287,1.72,2,0,5,6,3973,consensus,/maintenance/ICIGDev/GPUPOC/output/output300/win2048_nfauto/band1_toL8Ref/filtered_same-res_dedode_L-upright_B-C4
82,band1,win2048_nfauto,disk_epipolar,mnn,magsac630,145.96430932276766,15.788198686452233,145.1079335471004,145.96430932276766,1,7,0.177,1.06,1,0,0,2,478,consensus,/maintenance/ICIGDev/GPUPOC/output/output300/win2048_nfauto/band1_toL8Ref/filtered_same-res_disk_epipolar
83,band1,win2048_nfauto,imw-aliked-lg,internal,lmeds630,222.07679841161834,-156.33486305158294,-157.72607580041222,222.07679841161834,1,7,0.462,2.31,1,0,0,3,488,consensus,/maintenance/ICIGDev/GPUPOC/output/output300/win2048_nfauto/band1_toL8Ref/filtered_same-res_imw-aliked-lg
84,band1,win2048_nfauto,disk_epipolar,ada,magsac630,491.65853019852943,173.28819868645223,460.1079335471004,491.65853019852943,1,7,0.183,1.1,1,0,0,3,492,consensus,/maintenance/ICIGDev/GPUPOC/output/output300/win2048_nfauto/band1_toL8Ref/filtered_same-res_disk_epipolar
85,band1,win2048_nfauto,dedode_L-upright_B-C4,fginn_fm1,lmeds630,1205.4061955860527,-747.665845746814,-945.5156685433312,1205.4061955860527,1,7,0.287,1.72,1,0,6,6,1182,consensus,/maintenance/ICIGDev/GPUPOC/output/output300/win2048_nfauto/band1_toL8Ref/filtered_same-res_dedode_L-upright_B-C4
86,band1,win2048_nfauto,dedode_L-upright_B-C4,fginn_fm1,magsac630,1205.4061955860527,-747.665845746814,-945.5156685433312,1205.4061955860527,1,7,0.287,1.72,1,0,6,4,1014,consensus,/maintenance/ICIGDev/GPUPOC/output/output300/win2048_nfauto/band1_toL8Ref/filtered_same-res_dedode_L-upright_B-C4
87,band1,win2048_nfauto,dedode_L-upright_B-C4,mnn,magsac630,1851.9502854884213,-1460.9064123999087,-1138.188171669989,1851.950285488421,1,7,0.287,1.72,1,0,6,5,2689,consensus,/maintenance/ICIGDev/GPUPOC/output/output300/win2048_nfauto/band1_toL8Ref/filtered_same-res_dedode_L-upright_B-C4
88,band1,win2048_nfauto,dedode_L-C4_B-C4,mnn,magsac630,2016.3946572798125,-1573.83267013678,-1260.515029786121,2016.3946572798125,1,7,0.29,1.74,1,0,6,4,4497,consensus,/maintenance/ICIGDev/GPUPOC/output/output300/win2048_nfauto/band1_toL8Ref/filtered_same-res_dedode_L-C4_B-C4
89,band1,win2048_nfauto,keynet,lgm,lmeds630,2147.212859223255,-1991.42838617909,802.9545725219141,2147.212859223255,1,7,0.404,1.61,1,0,0,2,89,consensus,/maintenance/ICIGDev/GPUPOC/output/output300/win2048_nfauto/band1_toL8Ref/filtered_same-res_keynet
90,band1,win2048_nfauto,dedode_L-C4-v2_B-C4,mnn,magsac630,2234.7335476614053,-2182.750277082093,-479.20273052370703,2234.7335476614053,1,7,0.3,1.8,1,0,6,6,1277,consensus,/maintenance/ICIGDev/GPUPOC/output/output300/win2048_nfauto/band1_toL8Ref/filtered_same-res_dedode_L-C4-v2_B-C4
91,band1,win2048_nfauto,imw-eloftr,internal,lmeds630,7585.251278480095,4488.286262091678,-6114.844510468195,7585.251278480095,1,7,1.604,6.41,1,0,6,4,1406,consensus,/maintenance/ICIGDev/GPUPOC/output/output300/win2048_nfauto/band1_toL8Ref/filtered_same-res_imw-eloftr
92,band1,win2048_nfauto,imw-eloftr,internal,magsac630,7600.817233378583,4486.63285810987,-6135.352329879167,7600.817233378583,1,7,1.604,6.41,1,0,6,4,1320,consensus,/maintenance/ICIGDev/GPUPOC/output/output300/win2048_nfauto/band1_toL8Ref/filtered_same-res_imw-eloftr
93,band1,win2048_nfauto,loftr,loftr_internal,magsac630,7602.669503676148,4485.009749811919,-6138.833042706029,7602.669503676148,1,7,4.254,25.52,1,0,6,4,1165,consensus,/maintenance/ICIGDev/GPUPOC/output/output300/win2048_nfauto/band1_toL8Ref/filtered_same-res_loftr
94,band1,win2048_nfauto,imw-minima-loftr,internal,lmeds630,7627.20458025146,4633.906861712479,-6058.147976567001,7627.20458025146,1,7,2.783,13.91,1,0,0,3,759,consensus,/maintenance/ICIGDev/GPUPOC/output/output300/win2048_nfauto/band1_toL8Ref/filtered_same-res_imw-minima-loftr
95,band1,win2048_nfauto,sift,mnn,lmeds630,9947.00011252584,3561.8356059584867,-9287.418282532311,9947.00011252584,1,7,0.113,0.68,0,1,6,4,712,consensus,/maintenance/ICIGDev/GPUPOC/output/output300/win2048_nfauto/band1_toL8Ref/filtered_same-res_sift
96,band1,win2048_nfauto,dedode_L-upright_B-upright,fginn_fm1,magsac630,21794.417525560064,310.0055023191321,-21792.21264275318,21794.417525560064,1,7,0.287,1.72,0,1,6,5,670,consensus,/maintenance/ICIGDev/GPUPOC/output/output300/win2048_nfauto/band1_toL8Ref/filtered_same-res_dedode_L-upright_B-upright
97,band1,win2048_nfauto,dedode_L-C4-v2_B-upright,ada,magsac630,27059.17815466021,23235.26850285258,-13867.99985599896,27059.17815466021,1,7,0.332,1.99,0,1,6,6,1848,consensus,/maintenance/ICIGDev/GPUPOC/output/output300/win2048_nfauto/band1_toL8Ref/filtered_same-res_dedode_L-C4-v2_B-upright
98,band1,win2048_nfauto,dedode_L-C4_B-upright,ada,magsac630,49297.30523688079,-36859.76718824498,-32735.025071726668,49297.30523688079,1,7,0.308,1.85,0,1,6,6,3650,consensus,/maintenance/ICIGDev/GPUPOC/output/output300/win2048_nfauto/band1_toL8Ref/filtered_same-res_dedode_L-C4_B-upright
99,band1,win2048_nfauto,keynet,mnn,lmeds630,57813.462886591326,-40401.37180131355,-41353.6654664529,57813.462886591326,1,7,0.225,1.35,1,0,6,6,1293,consensus,/maintenance/ICIGDev/GPUPOC/output/output300/win2048_nfauto/band1_toL8Ref/filtered_same-res_keynet
100,band1,win2048_nfauto,dedode_L-C4_B-C4,fginn_fm1,magsac630,61003.45835120403,-49010.91637128731,-36322.885447796776,61003.45835120403,1,7,0.286,1.71,0,1,6,6,1316,consensus,/maintenance/ICIGDev/GPUPOC/output/output300/win2048_nfauto/band1_toL8Ref/filtered_same-res_dedode_L-C4_B-C4
101,band1,win2048_nfauto,dedode_L-upright_B-upright,mnn,lmeds630,118468.26837237057,-104733.85698354465,-55367.40749302276,118468.26837237057,1,7,0.287,1.72,1,0,6,5,2948,consensus,/maintenance/ICIGDev/GPUPOC/output/output300/win2048_nfauto/band1_toL8Ref/filtered_same-res_dedode_L-upright_B-upright
102,band1,win2048_nfauto,sift,fginn,lmeds630,,,,,0,7,0.135,0.67,0,0,0,3,326,consensus,/maintenance/ICIGDev/GPUPOC/output/output300/win2048_nfauto/band1_toL8Ref/filtered_same-res_sift
103,band1,win2048_nfauto,sift,fginn,magsac630,,,,,0,7,0.135,0.67,0,0,0,3,295,consensus,/maintenance/ICIGDev/GPUPOC/output/output300/win2048_nfauto/band1_toL8Ref/filtered_same-res_sift
104,band1,win2048_nfauto,sift,mnn,magsac630,,,,,0,7,0.113,0.68,0,0,7,4,419,consensus,/maintenance/ICIGDev/GPUPOC/output/output300/win2048_nfauto/band1_toL8Ref/filtered_same-res_sift
105,band1,win2048_nfauto,sift,smnn0.9,lmeds630,,,,,0,7,1.247,7.48,0,0,7,4,367,consensus,/maintenance/ICIGDev/GPUPOC/output/output300/win2048_nfauto/band1_toL8Ref/filtered_same-res_sift
106,band1,win2048_nfauto,sift,smnn0.9,magsac630,,,,,0,7,1.247,7.48,0,0,7,4,314,consensus,/maintenance/ICIGDev/GPUPOC/output/output300/win2048_nfauto/band1_toL8Ref/filtered_same-res_sift
107,band1,win2048_nfauto,sift,snn,lmeds630,,,,,0,7,0.168,0.67,0,0,0,3,294,consensus,/maintenance/ICIGDev/GPUPOC/output/output300/win2048_nfauto/band1_toL8Ref/filtered_same-res_sift
108,band1,win2048_nfauto,sift,snn,magsac630,,,,,0,7,0.168,0.67,0,0,0,3,260,consensus,/maintenance/ICIGDev/GPUPOC/output/output300/win2048_nfauto/band1_toL8Ref/filtered_same-res_sift
109,band1,win2048_nfauto,disk_depth,fginn,lmeds630,,,,,0,7,0.847,0.85,0,0,0,1,11,consensus,/maintenance/ICIGDev/GPUPOC/output/output300/win2048_nfauto/band1_toL8Ref/filtered_same-res_disk_depth
110,band1,win2048_nfauto,disk_depth,fginn,magsac630,,,,,0,7,0.847,0.85,0,0,0,1,11,consensus,/maintenance/ICIGDev/GPUPOC/output/output300/win2048_nfauto/band1_toL8Ref/filtered_same-res_disk_depth
111,band1,win2048_nfauto,disk_depth,lgm,magsac630,,,,,0,7,0.166,1.0,0,0,0,2,225,consensus,/maintenance/ICIGDev/GPUPOC/output/output300/win2048_nfauto/band1_toL8Ref/filtered_same-res_disk_depth
112,band1,win2048_nfauto,disk_depth,mnn,lmeds630,,,,,0,7,0.143,0.86,0,0,7,6,2040,consensus,/maintenance/ICIGDev/GPUPOC/output/output300/win2048_nfauto/band1_toL8Ref/filtered_same-res_disk_depth
113,band1,win2048_nfauto,disk_depth,mnn,magsac630,,,,,0,7,0.143,0.86,0,0,0,3,128,consensus,/maintenance/ICIGDev/GPUPOC/output/output300/win2048_nfauto/band1_toL8Ref/filtered_same-res_disk_depth
114,band1,win2048_nfauto,disk_depth,nn,magsac630,,,,,0,7,0.161,0.96,0,0,7,5,478,consensus,/maintenance/ICIGDev/GPUPOC/output/output300/win2048_nfauto/band1_toL8Ref/filtered_same-res_disk_depth
115,band1,win2048_nfauto,disk_depth,smnn0.9,lmeds630,,,,,0,7,0.516,2.06,0,0,0,2,38,consensus,/maintenance/ICIGDev/GPUPOC/output/output300/win2048_nfauto/band1_toL8Ref/filtered_same-res_disk_depth
116,band1,win2048_nfauto,disk_depth,smnn0.9,magsac630,,,,,0,7,0.516,2.06,0,0,0,2,36,consensus,/maintenance/ICIGDev/GPUPOC/output/output300/win2048_nfauto/band1_toL8Ref/filtered_same-res_disk_depth
117,band1,win2048_nfauto,disk_depth,snn,lmeds630,,,,,0,7,0.843,0.84,0,0,0,1,11,consensus,/maintenance/ICIGDev/GPUPOC/output/output300/win2048_nfauto/band1_toL8Ref/filtered_same-res_disk_depth
118,band1,win2048_nfauto,disk_depth,snn,magsac630,,,,,0,7,0.843,0.84,0,0,0,1,11,consensus,/maintenance/ICIGDev/GPUPOC/output/output300/win2048_nfauto/band1_toL8Ref/filtered_same-res_disk_depth
119,band1,win2048_nfauto,disk_epipolar,fginn,lmeds630,,,,,0,7,0.343,1.03,0,0,0,2,121,consensus,/maintenance/ICIGDev/GPUPOC/output/output300/win2048_nfauto/band1_toL8Ref/filtered_same-res_disk_epipolar
120,band1,win2048_nfauto,disk_epipolar,fginn,magsac630,,,,,0,7,0.343,1.03,0,0,0,2,106,consensus,/maintenance/ICIGDev/GPUPOC/output/output300/win2048_nfauto/band1_toL8Ref/filtered_same-res_disk_epipolar
121,band1,win2048_nfauto,disk_epipolar,nn,magsac630,,,,,0,7,0.193,1.16,0,0,0,1,84,consensus,/maintenance/ICIGDev/GPUPOC/output/output300/win2048_nfauto/band1_toL8Ref/filtered_same-res_disk_epipolar
122,band1,win2048_nfauto,disk_epipolar,smnn0.9,lmeds630,,,,,0,7,0.205,1.23,0,0,0,3,294,consensus,/maintenance/ICIGDev/GPUPOC/output/output300/win2048_nfauto/band1_toL8Ref/filtered_same-res_disk_epipolar
123,band1,win2048_nfauto,disk_epipolar,smnn0.9,magsac630,,,,,0,7,0.205,1.23,0,0,0,3,236,consensus,/maintenance/ICIGDev/GPUPOC/output/output300/win2048_nfauto/band1_toL8Ref/filtered_same-res_disk_epipolar
124,band1,win2048_nfauto,disk_epipolar,snn,lmeds630,,,,,0,7,0.338,1.01,0,0,0,2,94,consensus,/maintenance/ICIGDev/GPUPOC/output/output300/win2048_nfauto/band1_toL8Ref/filtered_same-res_disk_epipolar
125,band1,win2048_nfauto,disk_epipolar,snn,magsac630,,,,,0,7,0.338,1.01,0,0,0,2,77,consensus,/maintenance/ICIGDev/GPUPOC/output/output300/win2048_nfauto/band1_toL8Ref/filtered_same-res_disk_epipolar
126,band1,win2048_nfauto,dedode_L-upright_B-upright,fginn_fm1,lmeds630,,,,,0,7,0.287,1.72,0,0,7,6,779,consensus,/maintenance/ICIGDev/GPUPOC/output/output300/win2048_nfauto/band1_toL8Ref/filtered_same-res_dedode_L-upright_B-upright
127,band1,win2048_nfauto,dedode_L-upright_B-upright,lgm,lmeds630,,,,,0,7,0.581,2.32,0,0,0,3,1332,consensus,/maintenance/ICIGDev/GPUPOC/output/output300/win2048_nfauto/band1_toL8Ref/filtered_same-res_dedode_L-upright_B-upright
128,band1,win2048_nfauto,dedode_L-upright_B-upright,lgm,magsac630,,,,,0,7,0.581,2.32,0,0,7,4,1054,consensus,/maintenance/ICIGDev/GPUPOC/output/output300/win2048_nfauto/band1_toL8Ref/filtered_same-res_dedode_L-upright_B-upright
129,band1,win2048_nfauto,dedode_L-upright_B-C4,lgm,lmeds630,,,,,0,7,0.541,2.16,0,0,0,3,94,consensus,/maintenance/ICIGDev/GPUPOC/output/output300/win2048_nfauto/band1_toL8Ref/filtered_same-res_dedode_L-upright_B-C4
130,band1,win2048_nfauto,dedode_L-upright_B-C4,lgm,magsac630,,,,,0,7,0.541,2.16,0,0,0,3,84,consensus,/maintenance/ICIGDev/GPUPOC/output/output300/win2048_nfauto/band1_toL8Ref/filtered_same-res_dedode_L-upright_B-C4
131,band1,win2048_nfauto,dedode_L-C4_B-upright,fginn_fm1,magsac630,,,,,0,7,0.287,1.72,0,0,0,3,902,consensus,/maintenance/ICIGDev/GPUPOC/output/output300/win2048_nfauto/band1_toL8Ref/filtered_same-res_dedode_L-C4_B-upright
132,band1,win2048_nfauto,dedode_L-C4_B-C4,fginn_fm1,lmeds630,,,,,0,7,0.286,1.71,0,0,7,6,1617,consensus,/maintenance/ICIGDev/GPUPOC/output/output300/win2048_nfauto/band1_toL8Ref/filtered_same-res_dedode_L-C4_B-C4
133,band1,win2048_nfauto,dedode_L-C4_B-C4,lgm,lmeds630,,,,,0,7,0.504,2.01,0,0,0,3,268,consensus,/maintenance/ICIGDev/GPUPOC/output/output300/win2048_nfauto/band1_toL8Ref/filtered_same-res_dedode_L-C4_B-C4
134,band1,win2048_nfauto,dedode_L-C4_B-C4,lgm,magsac630,,,,,0,7,0.504,2.01,0,0,0,3,243,consensus,/maintenance/ICIGDev/GPUPOC/output/output300/win2048_nfauto/band1_toL8Ref/filtered_same-res_dedode_L-C4_B-C4
135,band1,win2048_nfauto,dedode_L-C4-v2_B-upright,fginn_fm1,lmeds630,,,,,0,7,0.298,1.79,0,0,0,3,186,consensus,/maintenance/ICIGDev/GPUPOC/output/output300/win2048_nfauto/band1_toL8Ref/filtered_same-res_dedode_L-C4-v2_B-upright
136,band1,win2048_nfauto,dedode_L-C4-v2_B-upright,fginn_fm1,magsac630,,,,,0,7,0.298,1.79,0,0,0,2,147,consensus,/maintenance/ICIGDev/GPUPOC/output/output300/win2048_nfauto/band1_toL8Ref/filtered_same-res_dedode_L-C4-v2_B-upright
137,band1,win2048_nfauto,dedode_L-C4-v2_B-upright,lgm,lmeds630,,,,,0,7,0.569,2.28,0,0,0,2,1673,consensus,/maintenance/ICIGDev/GPUPOC/output/output300/win2048_nfauto/band1_toL8Ref/filtered_same-res_dedode_L-C4-v2_B-upright
138,band1,win2048_nfauto,dedode_L-C4-v2_B-upright,lgm,magsac630,,,,,0,7,0.569,2.28,0,0,0,2,1212,consensus,/maintenance/ICIGDev/GPUPOC/output/output300/win2048_nfauto/band1_toL8Ref/filtered_same-res_dedode_L-C4-v2_B-upright
139,band1,win2048_nfauto,dedode_L-C4-v2_B-C4,lgm,lmeds630,,,,,0,7,0.574,2.29,0,0,0,3,461,consensus,/maintenance/ICIGDev/GPUPOC/output/output300/win2048_nfauto/band1_toL8Ref/filtered_same-res_dedode_L-C4-v2_B-C4
140,band1,win2048_nfauto,dedode_L-C4-v2_B-C4,lgm,magsac630,,,,,0,7,0.574,2.29,0,0,0,3,316,consensus,/maintenance/ICIGDev/GPUPOC/output/output300/win2048_nfauto/band1_toL8Ref/filtered_same-res_dedode_L-C4-v2_B-C4
141,band1,win2048_nfauto,dedode_L-C4-v2_B-C4,smnn0.9,lmeds630,,,,,0,7,0.595,1.79,0,0,0,1,15,consensus,/maintenance/ICIGDev/GPUPOC/output/output300/win2048_nfauto/band1_toL8Ref/filtered_same-res_dedode_L-C4-v2_B-C4
142,band1,win2048_nfauto,dedode_L-C4-v2_B-C4,smnn0.9,magsac630,,,,,0,7,0.595,1.79,0,0,0,1,11,consensus,/maintenance/ICIGDev/GPUPOC/output/output300/win2048_nfauto/band1_toL8Ref/filtered_same-res_dedode_L-C4-v2_B-C4
143,band1,win2048_nfauto,keynet,fginn,lmeds630,,,,,0,7,0.336,1.35,0,0,0,2,19,consensus,/maintenance/ICIGDev/GPUPOC/output/output300/win2048_nfauto/band1_toL8Ref/filtered_same-res_keynet
144,band1,win2048_nfauto,keynet,fginn,magsac630,,,,,0,7,0.336,1.35,0,0,0,2,15,consensus,/maintenance/ICIGDev/GPUPOC/output/output300/win2048_nfauto/band1_toL8Ref/filtered_same-res_keynet
145,band1,win2048_nfauto,keynet,lgm,magsac630,,,,,0,7,0.404,1.61,0,0,0,2,33,consensus,/maintenance/ICIGDev/GPUPOC/output/output300/win2048_nfauto/band1_toL8Ref/filtered_same-res_keynet
146,band1,win2048_nfauto,keynet,mnn,magsac630,,,,,0,7,0.225,1.35,0,0,0,2,39,consensus,/maintenance/ICIGDev/GPUPOC/output/output300/win2048_nfauto/band1_toL8Ref/filtered_same-res_keynet
147,band1,win2048_nfauto,keynet,smnn0.9,lmeds630,,,,,0,7,1.625,9.75,0,0,0,3,30,consensus,/maintenance/ICIGDev/GPUPOC/output/output300/win2048_nfauto/band1_toL8Ref/filtered_same-res_keynet
148,band1,win2048_nfauto,keynet,smnn0.9,magsac630,,,,,0,7,1.625,9.75,0,0,0,2,17,consensus,/maintenance/ICIGDev/GPUPOC/output/output300/win2048_nfauto/band1_toL8Ref/filtered_same-res_keynet
149,band1,win2048_nfauto,keynet,snn,lmeds630,,,,,0,7,0.67,1.34,0,0,0,1,6,consensus,/maintenance/ICIGDev/GPUPOC/output/output300/win2048_nfauto/band1_toL8Ref/filtered_same-res_keynet
150,band1,win2048_nfauto,dog_hardnet,fginn,lmeds630,,,,,0,7,0.209,0.84,0,0,7,4,340,consensus,/maintenance/ICIGDev/GPUPOC/output/output300/win2048_nfauto/band1_toL8Ref/filtered_same-res_dog_hardnet
151,band1,win2048_nfauto,dog_hardnet,fginn,magsac630,,,,,0,7,0.209,0.84,0,0,7,4,283,consensus,/maintenance/ICIGDev/GPUPOC/output/output300/win2048_nfauto/band1_toL8Ref/filtered_same-res_dog_hardnet
152,band1,win2048_nfauto,dog_hardnet,lgm,magsac630,,,,,0,7,0.18,1.08,0,0,7,4,809,consensus,/maintenance/ICIGDev/GPUPOC/output/output300/win2048_nfauto/band1_toL8Ref/filtered_same-res_dog_hardnet
153,band1,win2048_nfauto,dog_hardnet,mnn,magsac630,,,,,0,7,0.145,0.87,0,0,0,3,566,consensus,/maintenance/ICIGDev/GPUPOC/output/output300/win2048_nfauto/band1_toL8Ref/filtered_same-res_dog_hardnet
154,band1,win2048_nfauto,dog_hardnet,smnn0.9,lmeds630,,,,,0,7,0.772,4.63,0,0,7,4,417,consensus,/maintenance/ICIGDev/GPUPOC/output/output300/win2048_nfauto/band1_toL8Ref/filtered_same-res_dog_hardnet
155,band1,win2048_nfauto,dog_hardnet,smnn0.9,magsac630,,,,,0,7,0.772,4.63,0,0,7,4,308,consensus,/maintenance/ICIGDev/GPUPOC/output/output300/win2048_nfauto/band1_toL8Ref/filtered_same-res_dog_hardnet
156,band1,win2048_nfauto,dog_hardnet,snn,lmeds630,,,,,0,7,0.206,0.82,0,0,0,3,240,consensus,/maintenance/ICIGDev/GPUPOC/output/output300/win2048_nfauto/band1_toL8Ref/filtered_same-res_dog_hardnet
157,band1,win2048_nfauto,dog_hardnet,snn,magsac630,,,,,0,7,0.206,0.82,0,0,0,3,196,consensus,/maintenance/ICIGDev/GPUPOC/output/output300/win2048_nfauto/band1_toL8Ref/filtered_same-res_dog_hardnet
158,band1,win2048_nfauto,gftt,mnn,magsac630,,,,,0,7,0.151,0.91,0,0,0,1,9,consensus,/maintenance/ICIGDev/GPUPOC/output/output300/win2048_nfauto/band1_toL8Ref/filtered_same-res_gftt
159,band1,win2048_nfauto,gftt,smnn0.9,lmeds630,,,,,0,7,0.981,4.9,0,0,0,2,17,consensus,/maintenance/ICIGDev/GPUPOC/output/output300/win2048_nfauto/band1_toL8Ref/filtered_same-res_gftt
160,band1,win2048_nfauto,gftt,smnn0.9,magsac630,,,,,0,7,0.981,4.9,0,0,0,1,7,consensus,/maintenance/ICIGDev/GPUPOC/output/output300/win2048_nfauto/band1_toL8Ref/filtered_same-res_gftt
161,band1,win2048_nfauto,hessian,fginn,lmeds630,,,,,0,7,0.174,0.87,0,0,7,4,319,consensus,/maintenance/ICIGDev/GPUPOC/output/output300/win2048_nfauto/band1_toL8Ref/filtered_same-res_hessian
162,band1,win2048_nfauto,hessian,fginn,magsac630,,,,,0,7,0.174,0.87,0,0,7,4,252,consensus,/maintenance/ICIGDev/GPUPOC/output/output300/win2048_nfauto/band1_toL8Ref/filtered_same-res_hessian
163,band1,win2048_nfauto,hessian,mnn,magsac630,,,,,0,7,0.171,1.03,0,0,0,3,473,consensus,/maintenance/ICIGDev/GPUPOC/output/output300/win2048_nfauto/band1_toL8Ref/filtered_same-res_hessian
164,band1,win2048_nfauto,hessian,smnn0.9,lmeds630,,,,,0,7,1.055,6.33,0,0,7,4,345,consensus,/maintenance/ICIGDev/GPUPOC/output/output300/win2048_nfauto/band1_toL8Ref/filtered_same-res_hessian
165,band1,win2048_nfauto,hessian,smnn0.9,magsac630,,,,,0,7,1.055,6.33,0,0,7,4,267,consensus,/maintenance/ICIGDev/GPUPOC/output/output300/win2048_nfauto/band1_toL8Ref/filtered_same-res_hessian
166,band1,win2048_nfauto,hessian,snn,lmeds630,,,,,0,7,0.245,0.98,0,0,0,3,196,consensus,/maintenance/ICIGDev/GPUPOC/output/output300/win2048_nfauto/band1_toL8Ref/filtered_same-res_hessian
167,band1,win2048_nfauto,hessian,snn,magsac630,,,,,0,7,0.245,0.98,0,0,0,3,158,consensus,/maintenance/ICIGDev/GPUPOC/output/output300/win2048_nfauto/band1_toL8Ref/filtered_same-res_hessian
168,band1,win2048_nfauto,imw-sp-lg,internal,lmeds630,,,,,0,7,3.634,7.27,0,0,0,2,40,consensus,/maintenance/ICIGDev/GPUPOC/output/output300/win2048_nfauto/band1_toL8Ref/filtered_same-res_imw-sp-lg
169,band1,win2048_nfauto,imw-sp-lg,internal,magsac630,,,,,0,7,3.634,7.27,0,0,0,1,17,consensus,/maintenance/ICIGDev/GPUPOC/output/output300/win2048_nfauto/band1_toL8Ref/filtered_same-res_imw-sp-lg
170,band1,win2048_nfauto,imw-aliked-lg,internal,magsac630,,,,,0,7,0.462,2.31,0,0,0,3,398,consensus,/maintenance/ICIGDev/GPUPOC/output/output300/win2048_nfauto/band1_toL8Ref/filtered_same-res_imw-aliked-lg
171,band1,win2048_nfauto,imw-sp-sg,internal,lmeds630,,,,,0,7,1.57,4.71,0,0,0,3,83,consensus,/maintenance/ICIGDev/GPUPOC/output/output300/win2048_nfauto/band1_toL8Ref/filtered_same-res_imw-sp-sg
172,band1,win2048_nfauto,imw-sp-sg,internal,magsac630,,,,,0,7,1.57,4.71,0,0,0,3,47,consensus,/maintenance/ICIGDev/GPUPOC/output/output300/win2048_nfauto/band1_toL8Ref/filtered_same-res_imw-sp-sg
173,band1,win2048_nfauto,imw-r2d2-nn,internal,lmeds630,,,,,0,7,0.639,2.56,0,0,7,4,376,consensus,/maintenance/ICIGDev/GPUPOC/output/output300/win2048_nfauto/band1_toL8Ref/filtered_same-res_imw-r2d2-nn
174,band1,win2048_nfauto,imw-r2d2-nn,internal,magsac630,,,,,0,7,0.639,2.56,0,0,7,4,282,consensus,/maintenance/ICIGDev/GPUPOC/output/output300/win2048_nfauto/band1_toL8Ref/filtered_same-res_imw-r2d2-nn
175,band1,win2048_nfauto,imw-rord-nn,internal,magsac630,,,,,0,7,3.123,12.49,0,0,0,1,7,consensus,/maintenance/ICIGDev/GPUPOC/output/output300/win2048_nfauto/band1_toL8Ref/filtered_same-res_imw-rord-nn
176,band1,win2048_nfauto,imw-d2net-nn,internal,lmeds630,,,,,0,7,0.807,4.84,0,0,7,4,246,consensus,/maintenance/ICIGDev/GPUPOC/output/output300/win2048_nfauto/band1_toL8Ref/filtered_same-res_imw-d2net-nn
177,band1,win2048_nfauto,imw-d2net-nn,internal,magsac630,,,,,0,7,0.807,4.84,0,0,7,4,122,consensus,/maintenance/ICIGDev/GPUPOC/output/output300/win2048_nfauto/band1_toL8Ref/filtered_same-res_imw-d2net-nn
178,band1,win2048_nfauto,imw-sfd2-nn,internal,lmeds630,,,,,0,7,3.905,11.71,0,0,0,3,141,consensus,/maintenance/ICIGDev/GPUPOC/output/output300/win2048_nfauto/band1_toL8Ref/filtered_same-res_imw-sfd2-nn
179,band1,win2048_nfauto,imw-sfd2-nn,internal,magsac630,,,,,0,7,3.905,11.71,0,0,0,3,77,consensus,/maintenance/ICIGDev/GPUPOC/output/output300/win2048_nfauto/band1_toL8Ref/filtered_same-res_imw-sfd2-nn
180,band1,win2048_nfauto,imw-liftfeat-nn,internal,magsac630,,,,,0,7,0.489,2.93,0,0,0,3,136,consensus,/maintenance/ICIGDev/GPUPOC/output/output300/win2048_nfauto/band1_toL8Ref/filtered_same-res_imw-liftfeat-nn
181,band1,win2048_nfauto,imw-ripe-nn,internal,lmeds630,,,,,0,7,3.471,20.82,0,0,0,3,279,consensus,/maintenance/ICIGDev/GPUPOC/output/output300/win2048_nfauto/band1_toL8Ref/filtered_same-res_imw-ripe-nn
182,band1,win2048_nfauto,imw-ripe-nn,internal,magsac630,,,,,0,7,3.471,20.82,0,0,0,3,225,consensus,/maintenance/ICIGDev/GPUPOC/output/output300/win2048_nfauto/band1_toL8Ref/filtered_same-res_imw-ripe-nn
183,band1,win2048_nfauto,imw-darkfeat-nn,internal,magsac630,,,,,0,7,0.397,2.38,0,0,0,1,6,consensus,/maintenance/ICIGDev/GPUPOC/output/output300/win2048_nfauto/band1_toL8Ref/filtered_same-res_imw-darkfeat-nn
184,band1,win2048_nfauto,imw-lanet-nn,internal,lmeds630,,,,,0,7,0.242,1.45,0,0,0,2,71,consensus,/maintenance/ICIGDev/GPUPOC/output/output300/win2048_nfauto/band1_toL8Ref/filtered_same-res_imw-lanet-nn
185,band1,win2048_nfauto,imw-lanet-nn,internal,magsac630,,,,,0,7,0.242,1.45,0,0,0,2,59,consensus,/maintenance/ICIGDev/GPUPOC/output/output300/win2048_nfauto/band1_toL8Ref/filtered_same-res_imw-lanet-nn
186,band1,win2048_nfauto,imw-minima-loftr,internal,magsac630,,,,,0,7,2.783,13.91,0,0,0,1,7,consensus,/maintenance/ICIGDev/GPUPOC/output/output300/win2048_nfauto/band1_toL8Ref/filtered_same-res_imw-minima-loftr
187,band1,win2048_nfauto,imw-xoftr,internal,lmeds630,,,,,0,7,1.223,7.34,0,0,0,3,392,consensus,/maintenance/ICIGDev/GPUPOC/output/output300/win2048_nfauto/band1_toL8Ref/filtered_same-res_imw-xoftr
188,band1,win2048_nfauto,imw-xoftr,internal,magsac630,,,,,0,7,1.223,7.34,0,0,0,3,412,consensus,/maintenance/ICIGDev/GPUPOC/output/output300/win2048_nfauto/band1_toL8Ref/filtered_same-res_imw-xoftr
189,band1,win2048_nfauto,imw-rdd-dense,internal,lmeds630,,,,,0,7,2.563,7.69,0,0,0,3,22,consensus,/maintenance/ICIGDev/GPUPOC/output/output300/win2048_nfauto/band1_toL8Ref/filtered_same-res_imw-rdd-dense
190,band1,win2048_nfauto,imw-rdd-dense,internal,magsac630,,,,,0,7,2.563,7.69,0,0,0,2,14,consensus,/maintenance/ICIGDev/GPUPOC/output/output300/win2048_nfauto/band1_toL8Ref/filtered_same-res_imw-rdd-dense
191,band1,win2048_nfauto,imw-xfeat-lg,internal,lmeds630,,,,,0,7,0.441,1.76,0,0,0,1,12,consensus,/maintenance/ICIGDev/GPUPOC/output/output300/win2048_nfauto/band1_toL8Ref/filtered_same-res_imw-xfeat-lg
192,band1,win2048_nfauto,imw-xfeat-lg,internal,magsac630,,,,,0,7,0.441,1.76,0,0,0,2,301,consensus,/maintenance/ICIGDev/GPUPOC/output/output300/win2048_nfauto/band1_toL8Ref/filtered_same-res_imw-xfeat-lg
193,band1,win2048_nfauto,imw-xfeat-dense,internal,lmeds630,,,,,0,7,0.374,2.25,0,0,0,3,92,consensus,/maintenance/ICIGDev/GPUPOC/output/output300/win2048_nfauto/band1_toL8Ref/filtered_same-res_imw-xfeat-dense
194,band1,win2048_nfauto,imw-xfeat-dense,internal,magsac630,,,,,0,7,0.374,2.25,0,0,0,3,77,consensus,/maintenance/ICIGDev/GPUPOC/output/output300/win2048_nfauto/band1_toL8Ref/filtered_same-res_imw-xfeat-dense
